$ oxlint src
src/features/karaoke/runtime/tests/commit-scheduler.test.ts:142:61: warning eslint(no-unused-vars): Parameter 'adapter' is declared but never used. Unused parameters should start with a '_'. help: Consider removing this parameter.
src/features/karaoke/runtime/tests/commit-scheduler.test.ts:37:32: warning unicorn(no-useless-spread): Using a spread operator here creates a new array unnecessarily. help: `for…of` can iterate over iterable, it's unnecessary to convert to an array.
src/features/karaoke/runtime/scoring.ts:310:16: warning unicorn(no-new-array): Do not use `new Array(singleArgument)`. help: It's not clear whether the argument is meant to be the length of the array or the only element. If the argument is the array's length, consider using `Array.from({ length: n })`. If the argument is the only element, use `[element]`.
src/features/karaoke/runtime/scoring.ts:311:16: warning unicorn(no-new-array): Do not use `new Array(singleArgument)`. help: It's not clear whether the argument is meant to be the length of the array or the only element. If the argument is the array's length, consider using `Array.from({ length: n })`. If the argument is the only element, use `[element]`.
src/features/karaoke/runtime/scoring.ts:499:3: warning unicorn(no-thenable): Do not add `then` to an object. help: If an object is defined as 'thenable', once it's accidentally used in an await expression, it may cause problems
src/features/karaoke/runtime/scoring.ts:838:16: warning unicorn(no-new-array): Do not use `new Array(singleArgument)`. help: It's not clear whether the argument is meant to be the length of the array or the only element. If the argument is the array's length, consider using `Array.from({ length: n })`. If the argument is the only element, use `[element]`.
src/features/karaoke/runtime/scoring.ts:839:16: warning unicorn(no-new-array): Do not use `new Array(singleArgument)`. help: It's not clear whether the argument is meant to be the length of the array or the only element. If the argument is the array's length, consider using `Array.from({ length: n })`. If the argument is the only element, use `[element]`.
src/features/karaoke/runtime/scoring.ts:1227:67: warning unicorn(no-new-array): Do not use `new Array(singleArgument)`. help: It's not clear whether the argument is meant to be the length of the array or the only element. If the argument is the array's length, consider using `Array.from({ length: n })`. If the argument is the only element, use `[element]`.
src/features/auth/global-sign-in-host.tsx:14:7: warning anti-slop(no-runtime-typeof): A `typeof` check narrows a representation without establishing its contract. Parse input at its I/O boundary, then branch on the domain value.
src/features/auth/global-sign-in-host.tsx:56:21: warning anti-slop(no-runtime-typeof): A `typeof` check narrows a representation without establishing its contract. Parse input at its I/O boundary, then branch on the domain value.
src/api/very.ts:132:24: warning anti-slop(no-unknown-parameters): Parameter `value` leaves input unparsed. Accept a named domain type; run the expected schema or parser at the I/O boundary before calling this function.
src/api/very.ts:133:25: warning anti-slop(no-runtime-typeof): A `typeof` check narrows a representation without establishing its contract. Parse input at its I/O boundary, then branch on the domain value.
src/api/very.ts:150:31: warning anti-slop(no-unknown-parameters): Parameter `value` leaves input unparsed. Accept a named domain type; run the expected schema or parser at the I/O boundary before calling this function.
src/api/very.ts:151:7: warning anti-slop(no-runtime-typeof): A `typeof` check narrows a representation without establishing its contract. Parse input at its I/O boundary, then branch on the domain value.
src/api/very.ts:157:42: warning anti-slop(no-unknown-parameters): Parameter `value` leaves input unparsed. Accept a named domain type; run the expected schema or parser at the I/O boundary before calling this function.
src/api/very.ts:161:31: warning anti-slop(no-unknown-parameters): Parameter `value` leaves input unparsed. Accept a named domain type; run the expected schema or parser at the I/O boundary before calling this function.
src/api/very.ts:168:26: warning anti-slop(no-unknown-parameters): Parameter `value` leaves input unparsed. Accept a named domain type; run the expected schema or parser at the I/O boundary before calling this function.
src/api/very.ts:181:27: warning anti-slop(no-unknown-parameters): Parameter `value` leaves input unparsed. Accept a named domain type; run the expected schema or parser at the I/O boundary before calling this function.
src/api/very.ts:200:26: warning anti-slop(no-unknown-parameters): Parameter `value` leaves input unparsed. Accept a named domain type; run the expected schema or parser at the I/O boundary before calling this function.
src/api/very.ts:219:28: warning anti-slop(no-unknown-parameters): Parameter `value` leaves input unparsed. Accept a named domain type; run the expected schema or parser at the I/O boundary before calling this function.
src/api/very.ts:230:49: warning anti-slop(no-unknown-parameters): Parameter `value` leaves input unparsed. Accept a named domain type; run the expected schema or parser at the I/O boundary before calling this function.
src/api/very.ts:244:49: warning anti-slop(no-unknown-parameters): Parameter `value` leaves input unparsed. Accept a named domain type; run the expected schema or parser at the I/O boundary before calling this function.
src/api/very.ts:280:26: warning anti-slop(no-runtime-typeof): A `typeof` check narrows a representation without establishing its contract. Parse input at its I/O boundary, then branch on the domain value.
src/api/very.ts:292:5: warning anti-slop(no-runtime-typeof): A `typeof` check narrows a representation without establishing its contract. Parse input at its I/O boundary, then branch on the domain value.
src/api/very.ts:341:51: warning anti-slop(no-unknown-parameters): Parameter `started` leaves input unparsed. Accept a named domain type; run the expected schema or parser at the I/O boundary before calling this function.
src/api/very.ts:362:56: warning anti-slop(no-runtime-typeof): A `typeof` check narrows a representation without establishing its contract. Parse input at its I/O boundary, then branch on the domain value.
src/api/very.ts:397:37: warning anti-slop(no-unknown-parameters): Parameter `error` leaves input unparsed. Accept a named domain type; run the expected schema or parser at the I/O boundary before calling this function.
src/api/very.ts:401:5: warning anti-slop(no-runtime-typeof): A `typeof` check narrows a representation without establishing its contract. Parse input at its I/O boundary, then branch on the domain value.
src/api/very.ts:427:7: warning anti-slop(no-runtime-typeof): A `typeof` check narrows a representation without establishing its contract. Parse input at its I/O boundary, then branch on the domain value.
src/features/profiles/public-profile-page/public-profile-page.tsx:25:10: warning anti-slop(no-runtime-typeof): A `typeof` check narrows a representation without establishing its contract. Parse input at its I/O boundary, then branch on the domain value.
src/features/profiles/public-profile-page/public-profile-page.tsx:36:7: warning anti-slop(no-runtime-typeof): A `typeof` check narrows a representation without establishing its contract. Parse input at its I/O boundary, then branch on the domain value.
src/features/profiles/public-profile-page/public-profile-page.tsx:40:7: warning anti-slop(no-runtime-typeof): A `typeof` check narrows a representation without establishing its contract. Parse input at its I/O boundary, then branch on the domain value.
src/features/profiles/public-profile-page/public-profile-page.tsx:141:11: warning anti-slop(no-runtime-typeof): A `typeof` check narrows a representation without establishing its contract. Parse input at its I/O boundary, then branch on the domain value.
src/features/posts/feed/public-feed.test.tsx:157:30: warning anti-slop(no-unknown-parameters): Parameter `reason` leaves input unparsed. Accept a named domain type; run the expected schema or parser at the I/O boundary before calling this function.
src/features/auth/sign-in-session.ts:149:12: warning anti-slop(no-unknown-parameters): Parameter `error` leaves input unparsed. Accept a named domain type; run the expected schema or parser at the I/O boundary before calling this function.
src/features/auth/sign-in-session.ts:195:23: warning anti-slop(no-runtime-typeof): A `typeof` check narrows a representation without establishing its contract. Parse input at its I/O boundary, then branch on the domain value.
src/features/auth/sign-in-session.ts:235:24: warning anti-slop(no-unknown-parameters): Parameter `error` leaves input unparsed. Accept a named domain type; run the expected schema or parser at the I/O boundary before calling this function.
src/features/posts/post-engagement/post-engagement-api.ts:45:55: warning anti-slop(no-unknown-parameters): Parameter `error` leaves input unparsed. Accept a named domain type; run the expected schema or parser at the I/O boundary before calling this function.
src/api/client.ts:25:7: warning anti-slop(no-runtime-typeof): A `typeof` check narrows a representation without establishing its contract. Parse input at its I/O boundary, then branch on the domain value.
src/api/client.ts:120:35: warning anti-slop(no-runtime-typeof): A `typeof` check narrows a representation without establishing its contract. Parse input at its I/O boundary, then branch on the domain value.
src/routes/c/[path_segment]/index.tsx:31:19: warning anti-slop(no-unknown-parameters): Parameter `rawPathSegment` leaves input unparsed. Accept a named domain type; run the expected schema or parser at the I/O boundary before calling this function.
src/features/wallet/song-purchase-modal/song-purchase-modal.tsx:38:38: warning anti-slop(no-runtime-typeof): A `typeof` check narrows a representation without establishing its contract. Parse input at its I/O boundary, then branch on the domain value.
src/features/wallet/song-purchase-modal/song-purchase-modal.tsx:39:57: warning anti-slop(no-runtime-typeof): A `typeof` check narrows a representation without establishing its contract. Parse input at its I/O boundary, then branch on the domain value.
src/features/posts/video-submission/delivery-state.ts:18:42: warning anti-slop(no-unknown-parameters): Parameter `value` leaves input unparsed. Accept a named domain type; run the expected schema or parser at the I/O boundary before calling this function.
src/features/posts/video-submission/delivery-state.ts:19:25: warning anti-slop(no-unknown-parameters): Parameter `input` leaves input unparsed. Accept a named domain type; run the expected schema or parser at the I/O boundary before calling this function.
src/features/posts/video-submission/delivery-state.ts:20:9: warning anti-slop(no-runtime-typeof): A `typeof` check narrows a representation without establishing its contract. Parse input at its I/O boundary, then branch on the domain value.
src/features/posts/video-submission/delivery-state.ts:23:7: warning anti-slop(no-runtime-typeof): A `typeof` check narrows a representation without establishing its contract. Parse input at its I/O boundary, then branch on the domain value.
src/features/posts/post-engagement/post-engagement-pending.test.ts:45:27: warning anti-slop(no-unknown-parameters): Parameter `result` leaves input unparsed. Accept a named domain type; run the expected schema or parser at the I/O boundary before calling this function.
src/features/posts/post-engagement/post-engagement-pending.test.ts:55:14: warning anti-slop(no-unknown-parameters): Parameter `value` leaves input unparsed. Accept a named domain type; run the expected schema or parser at the I/O boundary before calling this function.
src/features/posts/post-engagement/post-engagement-pending.test.ts:60:14: warning anti-slop(no-unknown-parameters): Parameter `value` leaves input unparsed. Accept a named domain type; run the expected schema or parser at the I/O boundary before calling this function.
src/features/shell/media-shell/media-shell.tsx:60:12: warning anti-slop(no-runtime-typeof): A `typeof` check narrows a representation without establishing its contract. Parse input at its I/O boundary, then branch on the domain value.
src/api/session.ts:216:31: warning unicorn(no-useless-spread): Using a spread operator here creates a new array unnecessarily. help: `for…of` can iterate over iterable, it's unnecessary to convert to an array.
src/api/session.ts:70:38: warning anti-slop(no-unknown-parameters): Parameter `error` leaves input unparsed. Accept a named domain type; run the expected schema or parser at the I/O boundary before calling this function.
src/api/session.ts:199:44: warning anti-slop(no-runtime-typeof): A `typeof` check narrows a representation without establishing its contract. Parse input at its I/O boundary, then branch on the domain value.
src/api/session.ts:205:44: warning anti-slop(no-runtime-typeof): A `typeof` check narrows a representation without establishing its contract. Parse input at its I/O boundary, then branch on the domain value.
src/routes/c/[path_segment]/names.tsx:21:10: warning anti-slop(no-runtime-typeof): A `typeof` check narrows a representation without establishing its contract. Parse input at its I/O boundary, then branch on the domain value.
src/features/posts/feed/public-feed.tsx:72:7: warning anti-slop(no-runtime-typeof): A `typeof` check narrows a representation without establishing its contract. Parse input at its I/O boundary, then branch on the domain value.
src/features/posts/feed/public-feed.tsx:75:5: warning anti-slop(no-runtime-typeof): A `typeof` check narrows a representation without establishing its contract. Parse input at its I/O boundary, then branch on the domain value.
src/features/posts/feed/public-feed.tsx:286:42: warning anti-slop(no-runtime-typeof): A `typeof` check narrows a representation without establishing its contract. Parse input at its I/O boundary, then branch on the domain value.
src/features/posts/post-engagement/post-engagement-model.ts:55:43: warning anti-slop(no-unknown-parameters): Parameter `error` leaves input unparsed. Accept a named domain type; run the expected schema or parser at the I/O boundary before calling this function.
src/features/posts/post-engagement/post-engagement-model.ts:64:54: warning anti-slop(no-runtime-typeof): A `typeof` check narrows a representation without establishing its contract. Parse input at its I/O boundary, then branch on the domain value.
src/features/posts/feed/public-feed-adapter.ts:106:26: warning anti-slop(no-unknown-parameters): Parameter `value` leaves input unparsed. Accept a named domain type; run the expected schema or parser at the I/O boundary before calling this function.
src/features/posts/feed/public-feed-adapter.ts:110:32: warning anti-slop(no-unknown-parameters): Parameter `value` leaves input unparsed. Accept a named domain type; run the expected schema or parser at the I/O boundary before calling this function.
src/features/posts/feed/public-feed-adapter.ts:111:10: warning anti-slop(no-runtime-typeof): A `typeof` check narrows a representation without establishing its contract. Parse input at its I/O boundary, then branch on the domain value.
src/features/posts/feed/public-feed-adapter.ts:114:35: warning anti-slop(no-unknown-parameters): Parameter `value` leaves input unparsed. Accept a named domain type; run the expected schema or parser at the I/O boundary before calling this function.
src/features/posts/feed/public-feed-adapter.ts:115:7: warning anti-slop(no-runtime-typeof): A `typeof` check narrows a representation without establishing its contract. Parse input at its I/O boundary, then branch on the domain value.
src/features/posts/feed/public-feed-adapter.ts:119:30: warning anti-slop(no-unknown-parameters): Parameter `value` leaves input unparsed. Accept a named domain type; run the expected schema or parser at the I/O boundary before calling this function.
src/features/posts/feed/public-feed-adapter.ts:120:7: warning anti-slop(no-runtime-typeof): A `typeof` check narrows a representation without establishing its contract. Parse input at its I/O boundary, then branch on the domain value.
src/features/posts/feed/public-feed-adapter.ts:124:41: warning anti-slop(no-unknown-parameters): Parameter `value` leaves input unparsed. Accept a named domain type; run the expected schema or parser at the I/O boundary before calling this function.
src/features/posts/feed/public-feed-adapter.ts:125:7: warning anti-slop(no-runtime-typeof): A `typeof` check narrows a representation without establishing its contract. Parse input at its I/O boundary, then branch on the domain value.
src/features/posts/feed/public-feed-adapter.ts:130:39: warning anti-slop(no-unknown-parameters): Parameter `value` leaves input unparsed. Accept a named domain type; run the expected schema or parser at the I/O boundary before calling this function.
src/features/posts/feed/public-feed-adapter.ts:132:7: warning anti-slop(no-runtime-typeof): A `typeof` check narrows a representation without establishing its contract. Parse input at its I/O boundary, then branch on the domain value.
src/features/posts/feed/public-feed-adapter.ts:133:7: warning anti-slop(no-runtime-typeof): A `typeof` check narrows a representation without establishing its contract. Parse input at its I/O boundary, then branch on the domain value.
src/features/posts/feed/public-feed-adapter.ts:137:27: warning anti-slop(no-unknown-parameters): Parameter `value` leaves input unparsed. Accept a named domain type; run the expected schema or parser at the I/O boundary before calling this function.
src/features/posts/feed/public-feed-adapter.ts:144:36: warning anti-slop(no-unknown-parameters): Parameter `value` leaves input unparsed. Accept a named domain type; run the expected schema or parser at the I/O boundary before calling this function.
src/features/posts/feed/public-feed-adapter.ts:148:36: warning anti-slop(no-unknown-parameters): Parameter `value` leaves input unparsed. Accept a named domain type; run the expected schema or parser at the I/O boundary before calling this function.
src/features/posts/feed/public-feed-adapter.ts:158:23: warning anti-slop(no-runtime-typeof): A `typeof` check narrows a representation without establishing its contract. Parse input at its I/O boundary, then branch on the domain value.
src/features/posts/feed/public-feed-adapter.ts:165:35: warning anti-slop(no-unknown-parameters): Parameter `value` leaves input unparsed. Accept a named domain type; run the expected schema or parser at the I/O boundary before calling this function.
src/features/posts/feed/public-feed-adapter.ts:210:5: warning anti-slop(no-conditional-empty-object-spread): This conditional spread hides property omission behind an empty object. Build the object in separate statements and add the property only when present.
src/features/posts/feed/public-feed-adapter.ts:227:42: warning anti-slop(no-unknown-parameters): Parameter `value` leaves input unparsed. Accept a named domain type; run the expected schema or parser at the I/O boundary before calling this function.
src/features/posts/feed/public-feed-adapter.ts:254:10: warning anti-slop(no-runtime-typeof): A `typeof` check narrows a representation without establishing its contract. Parse input at its I/O boundary, then branch on the domain value.
src/features/posts/feed/public-feed-adapter.ts:276:5: warning anti-slop(no-conditional-empty-object-spread): This conditional spread hides property omission behind an empty object. Build the object in separate statements and add the property only when present.
src/features/posts/feed/public-feed-adapter.ts:277:5: warning anti-slop(no-conditional-empty-object-spread): This conditional spread hides property omission behind an empty object. Build the object in separate statements and add the property only when present.
src/features/posts/video-submission/storage.ts:9:9: warning anti-slop(no-runtime-typeof): A `typeof` check narrows a representation without establishing its contract. Parse input at its I/O boundary, then branch on the domain value.
src/features/posts/video-submission/storage.ts:30:11: warning anti-slop(no-runtime-typeof): A `typeof` check narrows a representation without establishing its contract. Parse input at its I/O boundary, then branch on the domain value.
src/features/posts/video-submission/storage.ts:41:11: warning anti-slop(no-runtime-typeof): A `typeof` check narrows a representation without establishing its contract. Parse input at its I/O boundary, then branch on the domain value.
src/features/posts/video-submission/storage.ts:45:41: warning anti-slop(no-runtime-typeof): A `typeof` check narrows a representation without establishing its contract. Parse input at its I/O boundary, then branch on the domain value.
src/features/posts/video-submission/storage.ts:46:39: warning anti-slop(no-runtime-typeof): A `typeof` check narrows a representation without establishing its contract. Parse input at its I/O boundary, then branch on the domain value.
src/features/posts/video-submission/storage.ts:47:37: warning anti-slop(no-runtime-typeof): A `typeof` check narrows a representation without establishing its contract. Parse input at its I/O boundary, then branch on the domain value.
src/features/karaoke/runtime/tests/session-host-reconnect.test.ts:36:28: warning unicorn(no-useless-spread): Using a spread operator here creates a new array unnecessarily. help: `for…of` can iterate over iterable, it's unnecessary to convert to an array.
src/features/posts/feed/home-feed-adapter.ts:32:10: warning anti-slop(no-runtime-typeof): A `typeof` check narrows a representation without establishing its contract. Parse input at its I/O boundary, then branch on the domain value.
src/features/posts/feed/home-feed-adapter.ts:54:5: warning anti-slop(no-conditional-empty-object-spread): This conditional spread hides property omission behind an empty object. Build the object in separate statements and add the property only when present.
src/features/posts/feed/home-feed-adapter.ts:55:5: warning anti-slop(no-conditional-empty-object-spread): This conditional spread hides property omission behind an empty object. Build the object in separate statements and add the property only when present.
src/features/posts/video-submission/video-player.tsx:14:7: warning eslint(no-unassigned-vars): 'host' is always 'undefined' because it's never assigned. help: Variable declared without assignment. Either assign a value or remove the declaration.
src/features/posts/video-submission/video-player.tsx:15:7: warning eslint(no-unassigned-vars): 'video' is always 'undefined' because it's never assigned. help: Variable declared without assignment. Either assign a value or remove the declaration.
src/features/posts/video-submission/video-player.tsx:81:9: warning anti-slop(no-runtime-typeof): A `typeof` check narrows a representation without establishing its contract. Parse input at its I/O boundary, then branch on the domain value.
src/features/posts/post-engagement/post-engagement-pending.ts:111:32: warning anti-slop(no-unknown-parameters): Parameter `value` leaves input unparsed. Accept a named domain type; run the expected schema or parser at the I/O boundary before calling this function.
src/features/posts/post-engagement/post-engagement-pending.ts:112:7: warning anti-slop(no-runtime-typeof): A `typeof` check narrows a representation without establishing its contract. Parse input at its I/O boundary, then branch on the domain value.
src/features/posts/post-engagement/post-engagement-pending.ts:116:38: warning anti-slop(no-unknown-parameters): Parameter `value` leaves input unparsed. Accept a named domain type; run the expected schema or parser at the I/O boundary before calling this function.
src/features/posts/post-engagement/post-engagement-pending.ts:117:7: warning anti-slop(no-runtime-typeof): A `typeof` check narrows a representation without establishing its contract. Parse input at its I/O boundary, then branch on the domain value.
src/features/posts/post-engagement/post-engagement-pending.ts:144:7: warning anti-slop(no-runtime-typeof): A `typeof` check narrows a representation without establishing its contract. Parse input at its I/O boundary, then branch on the domain value.
src/features/posts/post-engagement/post-engagement-pending.ts:311:38: warning anti-slop(no-unknown-parameters): Parameter `value` leaves input unparsed. Accept a named domain type; run the expected schema or parser at the I/O boundary before calling this function.
src/features/posts/post-engagement/post-engagement-pending.ts:312:7: warning anti-slop(no-runtime-typeof): A `typeof` check narrows a representation without establishing its contract. Parse input at its I/O boundary, then branch on the domain value.
src/features/posts/post-engagement/post-engagement-pending.ts:317:8: warning anti-slop(no-runtime-typeof): A `typeof` check narrows a representation without establishing its contract. Parse input at its I/O boundary, then branch on the domain value.
src/features/posts/post-engagement/post-engagement-pending.ts:319:8: warning anti-slop(no-runtime-typeof): A `typeof` check narrows a representation without establishing its contract. Parse input at its I/O boundary, then branch on the domain value.
src/features/posts/post-engagement/post-engagement-pending.ts:321:8: warning anti-slop(no-runtime-typeof): A `typeof` check narrows a representation without establishing its contract. Parse input at its I/O boundary, then branch on the domain value.
src/features/posts/post-engagement/post-engagement-pending.ts:336:39: warning anti-slop(no-runtime-typeof): A `typeof` check narrows a representation without establishing its contract. Parse input at its I/O boundary, then branch on the domain value.
src/features/posts/post-engagement/post-engagement-pending.ts:338:46: warning anti-slop(no-runtime-typeof): A `typeof` check narrows a representation without establishing its contract. Parse input at its I/O boundary, then branch on the domain value.
src/features/posts/post-engagement/post-engagement-pending.ts:350:5: warning anti-slop(no-conditional-empty-object-spread): This conditional spread hides property omission behind an empty object. Build the object in separate statements and add the property only when present.
src/features/posts/post-engagement/post-engagement-pending.ts:438:7: warning anti-slop(no-runtime-typeof): A `typeof` check narrows a representation without establishing its contract. Parse input at its I/O boundary, then branch on the domain value.
src/features/community/owner-settings/community-namespace-settings-api.test.ts:49:39: warning anti-slop(no-unknown-parameters): Parameter `_input` leaves input unparsed. Accept a named domain type; run the expected schema or parser at the I/O boundary before calling this function.
src/features/community/owner-settings/community-namespace-settings-api.test.ts:49:58: warning anti-slop(no-unknown-parameters): Parameter `_options` leaves input unparsed. Accept a named domain type; run the expected schema or parser at the I/O boundary before calling this function.
src/features/community/owner-settings/community-namespace-settings-api.test.ts:50:40: warning anti-slop(no-unknown-parameters): Parameter `_input` leaves input unparsed. Accept a named domain type; run the expected schema or parser at the I/O boundary before calling this function.
src/features/community/owner-settings/community-namespace-settings-api.test.ts:50:59: warning anti-slop(no-unknown-parameters): Parameter `_options` leaves input unparsed. Accept a named domain type; run the expected schema or parser at the I/O boundary before calling this function.
src/features/community/owner-settings/community-namespace-settings-api.test.ts:65:43: warning anti-slop(no-unknown-parameters): Parameter `_input` leaves input unparsed. Accept a named domain type; run the expected schema or parser at the I/O boundary before calling this function.
src/features/community/owner-settings/community-namespace-settings-api.test.ts:65:62: warning anti-slop(no-unknown-parameters): Parameter `_options` leaves input unparsed. Accept a named domain type; run the expected schema or parser at the I/O boundary before calling this function.
src/App.tsx:37:11: warning anti-slop(no-runtime-typeof): A `typeof` check narrows a representation without establishing its contract. Parse input at its I/O boundary, then branch on the domain value.
src/App.tsx:72:21: warning anti-slop(no-runtime-typeof): A `typeof` check narrows a representation without establishing its contract. Parse input at its I/O boundary, then branch on the domain value.
src/features/wallet/song-purchase-modal/song-purchase-modal-ssr.test.tsx:13:39: warning anti-slop(no-conditional-empty-object-spread): This conditional spread hides property omission behind an empty object. Build the object in separate statements and add the property only when present.
src/features/wallet/song-purchase-modal/song-purchase-modal-ssr.test.tsx:19:44: warning anti-slop(no-conditional-empty-object-spread): This conditional spread hides property omission behind an empty object. Build the object in separate statements and add the property only when present.
src/features/wallet/song-purchase-modal/song-purchase-modal-ssr.test.tsx:24:15: warning anti-slop(no-unknown-parameters): Parameter `type` leaves input unparsed. Accept a named domain type; run the expected schema or parser at the I/O boundary before calling this function.
src/features/wallet/song-purchase-modal/song-purchase-modal-ssr.test.tsx:24:59: warning anti-slop(no-runtime-typeof): A `typeof` check narrows a representation without establishing its contract. Parse input at its I/O boundary, then branch on the domain value.
src/features/wallet/song-purchase-modal/song-purchase-modal-ssr.test.tsx:25:16: warning anti-slop(no-unknown-parameters): Parameter `type` leaves input unparsed. Accept a named domain type; run the expected schema or parser at the I/O boundary before calling this function.
src/features/wallet/song-purchase-modal/song-purchase-modal-ssr.test.tsx:25:60: warning anti-slop(no-runtime-typeof): A `typeof` check narrows a representation without establishing its contract. Parse input at its I/O boundary, then branch on the domain value.
src/features/wallet/song-purchase-modal/song-purchase-modal-ssr.test.tsx:26:18: warning anti-slop(no-unknown-parameters): Parameter `type` leaves input unparsed. Accept a named domain type; run the expected schema or parser at the I/O boundary before calling this function.
src/features/wallet/song-purchase-modal/song-purchase-modal-ssr.test.tsx:26:62: warning anti-slop(no-runtime-typeof): A `typeof` check narrows a representation without establishing its contract. Parse input at its I/O boundary, then branch on the domain value.
src/features/posts/post-engagement/post-engagement.tsx:268:72: warning anti-slop(no-unknown-parameters): Parameter `error` leaves input unparsed. Accept a named domain type; run the expected schema or parser at the I/O boundary before calling this function.
src/features/posts/post-engagement/post-engagement.tsx:483:12: warning anti-slop(no-runtime-typeof): A `typeof` check narrows a representation without establishing its contract. Parse input at its I/O boundary, then branch on the domain value.
src/api/verification-config.ts:59:25: warning anti-slop(no-runtime-typeof): A `typeof` check narrows a representation without establishing its contract. Parse input at its I/O boundary, then branch on the domain value.
src/api/verification-config.ts:64:17: warning anti-slop(no-runtime-typeof): A `typeof` check narrows a representation without establishing its contract. Parse input at its I/O boundary, then branch on the domain value.
src/api/verification-config.ts:65:20: warning anti-slop(no-runtime-typeof): A `typeof` check narrows a representation without establishing its contract. Parse input at its I/O boundary, then branch on the domain value.
src/features/wallet/song-purchase-modal/song-purchase-modal-model.ts:34:10: warning anti-slop(no-runtime-typeof): A `typeof` check narrows a representation without establishing its contract. Parse input at its I/O boundary, then branch on the domain value.
src/features/posts/post-composer/post-composer-state.ts:111:82: warning anti-slop(no-conditional-empty-object-spread): This conditional spread hides property omission behind an empty object. Build the object in separate statements and add the property only when present.
src/features/community/owner-settings/community-namespace-settings-controller.tsx:38:30: warning anti-slop(no-unknown-parameters): Parameter `error` leaves input unparsed. Accept a named domain type; run the expected schema or parser at the I/O boundary before calling this function.
src/features/community/owner-settings/community-namespace-settings-controller.tsx:55:7: warning anti-slop(no-conditional-empty-object-spread): This conditional spread hides property omission behind an empty object. Build the object in separate statements and add the property only when present.
src/features/community/owner-settings/community-namespace-settings-controller.tsx:56:7: warning anti-slop(no-conditional-empty-object-spread): This conditional spread hides property omission behind an empty object. Build the object in separate statements and add the property only when present.
src/api/zkpassport.test.ts:195:43: warning anti-slop(no-unknown-parameters): Parameter `_input` leaves input unparsed. Accept a named domain type; run the expected schema or parser at the I/O boundary before calling this function.
src/api/zkpassport.test.ts:195:63: warning anti-slop(no-unknown-parameters): Parameter `_options` leaves input unparsed. Accept a named domain type; run the expected schema or parser at the I/O boundary before calling this function.
src/features/posts/post-composer/preview.test.ts:70:12: warning anti-slop(no-runtime-typeof): A `typeof` check narrows a representation without establishing its contract. Parse input at its I/O boundary, then branch on the domain value.
src/features/posts/post-composer/preview.test.ts:242:12: warning anti-slop(no-runtime-typeof): A `typeof` check narrows a representation without establishing its contract. Parse input at its I/O boundary, then branch on the domain value.
src/features/posts/post-composer/preview.test.ts:275:12: warning anti-slop(no-runtime-typeof): A `typeof` check narrows a representation without establishing its contract. Parse input at its I/O boundary, then branch on the domain value.
src/features/posts/post-composer/preview.test.ts:313:12: warning anti-slop(no-runtime-typeof): A `typeof` check narrows a representation without establishing its contract. Parse input at its I/O boundary, then branch on the domain value.
src/features/posts/post-composer/preview.test.ts:589:48: warning anti-slop(no-runtime-typeof): A `typeof` check narrows a representation without establishing its contract. Parse input at its I/O boundary, then branch on the domain value.
src/features/posts/video-submission/capture.ts:95:49: warning anti-slop(no-runtime-typeof): A `typeof` check narrows a representation without establishing its contract. Parse input at its I/O boundary, then branch on the domain value.
src/features/profiles/public-agent-page/public-agent-page.model.ts:2:25: warning anti-slop(no-runtime-typeof): A `typeof` check narrows a representation without establishing its contract. Parse input at its I/O boundary, then branch on the domain value.
src/features/bookings/availability-calendar/availability-calendar.test.ts:22:37: warning anti-slop(no-conditional-empty-object-spread): This conditional spread hides property omission behind an empty object. Build the object in separate statements and add the property only when present.
src/features/bookings/availability-calendar/availability-calendar.test.ts:49:15: warning anti-slop(no-unknown-parameters): Parameter `type` leaves input unparsed. Accept a named domain type; run the expected schema or parser at the I/O boundary before calling this function.
src/features/bookings/availability-calendar/availability-calendar.test.ts:50:5: warning anti-slop(no-runtime-typeof): A `typeof` check narrows a representation without establishing its contract. Parse input at its I/O boundary, then branch on the domain value.
src/features/bookings/availability-calendar/availability-calendar.test.ts:51:16: warning anti-slop(no-unknown-parameters): Parameter `type` leaves input unparsed. Accept a named domain type; run the expected schema or parser at the I/O boundary before calling this function.
src/features/bookings/availability-calendar/availability-calendar.test.ts:52:5: warning anti-slop(no-runtime-typeof): A `typeof` check narrows a representation without establishing its contract. Parse input at its I/O boundary, then branch on the domain value.
src/features/bookings/availability-calendar/availability-calendar.test.ts:53:18: warning anti-slop(no-unknown-parameters): Parameter `type` leaves input unparsed. Accept a named domain type; run the expected schema or parser at the I/O boundary before calling this function.
src/features/bookings/availability-calendar/availability-calendar.test.ts:54:5: warning anti-slop(no-runtime-typeof): A `typeof` check narrows a representation without establishing its contract. Parse input at its I/O boundary, then branch on the domain value.
src/features/shell/shell.test.ts:14:37: warning anti-slop(no-conditional-empty-object-spread): This conditional spread hides property omission behind an empty object. Build the object in separate statements and add the property only when present.
src/features/shell/shell.test.ts:38:15: warning anti-slop(no-unknown-parameters): Parameter `type` leaves input unparsed. Accept a named domain type; run the expected schema or parser at the I/O boundary before calling this function.
src/features/shell/shell.test.ts:39:5: warning anti-slop(no-runtime-typeof): A `typeof` check narrows a representation without establishing its contract. Parse input at its I/O boundary, then branch on the domain value.
src/features/shell/shell.test.ts:40:16: warning anti-slop(no-unknown-parameters): Parameter `type` leaves input unparsed. Accept a named domain type; run the expected schema or parser at the I/O boundary before calling this function.
src/features/shell/shell.test.ts:41:5: warning anti-slop(no-runtime-typeof): A `typeof` check narrows a representation without establishing its contract. Parse input at its I/O boundary, then branch on the domain value.
src/features/shell/shell.test.ts:42:18: warning anti-slop(no-unknown-parameters): Parameter `type` leaves input unparsed. Accept a named domain type; run the expected schema or parser at the I/O boundary before calling this function.
src/features/shell/shell.test.ts:43:5: warning anti-slop(no-runtime-typeof): A `typeof` check narrows a representation without establishing its contract. Parse input at its I/O boundary, then branch on the domain value.
src/locales/index.ts:38:7: warning anti-slop(no-runtime-typeof): A `typeof` check narrows a representation without establishing its contract. Parse input at its I/O boundary, then branch on the domain value.
src/locales/index.ts:46:16: warning anti-slop(no-runtime-typeof): A `typeof` check narrows a representation without establishing its contract. Parse input at its I/O boundary, then branch on the domain value.
src/features/community/owner-settings/community-namespace-settings-api.ts:53:11: warning anti-slop(no-runtime-typeof): A `typeof` check narrows a representation without establishing its contract. Parse input at its I/O boundary, then branch on the domain value.
src/features/community/owner-settings/community-namespace-settings-api.ts:58:11: warning anti-slop(no-runtime-typeof): A `typeof` check narrows a representation without establishing its contract. Parse input at its I/O boundary, then branch on the domain value.
src/features/community/owner-settings/community-namespace-settings-api.ts:58:46: warning anti-slop(no-runtime-typeof): A `typeof` check narrows a representation without establishing its contract. Parse input at its I/O boundary, then branch on the domain value.
src/features/community/owner-settings/community-namespace-settings-api.ts:64:11: warning anti-slop(no-runtime-typeof): A `typeof` check narrows a representation without establishing its contract. Parse input at its I/O boundary, then branch on the domain value.
src/features/community/owner-settings/community-namespace-settings-api.ts:64:46: warning anti-slop(no-runtime-typeof): A `typeof` check narrows a representation without establishing its contract. Parse input at its I/O boundary, then branch on the domain value.
src/features/community/owner-settings/community-namespace-settings-api.ts:72:27: warning anti-slop(no-unknown-parameters): Parameter `value` leaves input unparsed. Accept a named domain type; run the expected schema or parser at the I/O boundary before calling this function.
src/features/community/owner-settings/community-namespace-settings-api.ts:74:25: warning anti-slop(no-runtime-typeof): A `typeof` check narrows a representation without establishing its contract. Parse input at its I/O boundary, then branch on the domain value.
src/features/community/owner-settings/community-namespace-settings-api.ts:74:55: warning anti-slop(no-runtime-typeof): A `typeof` check narrows a representation without establishing its contract. Parse input at its I/O boundary, then branch on the domain value.
src/features/community/owner-settings/community-namespace-settings-api.ts:75:7: warning anti-slop(no-runtime-typeof): A `typeof` check narrows a representation without establishing its contract. Parse input at its I/O boundary, then branch on the domain value.
src/features/community/owner-settings/community-namespace-settings-api.ts:77:7: warning anti-slop(no-runtime-typeof): A `typeof` check narrows a representation without establishing its contract. Parse input at its I/O boundary, then branch on the domain value.
src/features/community/owner-settings/community-namespace-settings-api.ts:83:29: warning anti-slop(no-runtime-typeof): A `typeof` check narrows a representation without establishing its contract. Parse input at its I/O boundary, then branch on the domain value.
src/features/community/owner-settings/community-namespace-settings-api.ts:84:87: warning anti-slop(no-runtime-typeof): A `typeof` check narrows a representation without establishing its contract. Parse input at its I/O boundary, then branch on the domain value.
src/features/community/owner-settings/community-namespace-settings-api.ts:89:10: warning anti-slop(no-runtime-typeof): A `typeof` check narrows a representation without establishing its contract. Parse input at its I/O boundary, then branch on the domain value.
src/features/community/owner-settings/community-namespace-settings-api.ts:91:10: warning anti-slop(no-runtime-typeof): A `typeof` check narrows a representation without establishing its contract. Parse input at its I/O boundary, then branch on the domain value.
src/features/community/owner-settings/community-namespace-settings-api.ts:92:10: warning anti-slop(no-runtime-typeof): A `typeof` check narrows a representation without establishing its contract. Parse input at its I/O boundary, then branch on the domain value.
src/features/community/owner-settings/community-namespace-settings-api.ts:93:65: warning anti-slop(no-runtime-typeof): A `typeof` check narrows a representation without establishing its contract. Parse input at its I/O boundary, then branch on the domain value.
src/features/community/owner-settings/community-namespace-settings-api.ts:102:31: warning anti-slop(no-runtime-typeof): A `typeof` check narrows a representation without establishing its contract. Parse input at its I/O boundary, then branch on the domain value.
src/features/community/owner-settings/community-namespace-settings-api.ts:103:88: warning anti-slop(no-runtime-typeof): A `typeof` check narrows a representation without establishing its contract. Parse input at its I/O boundary, then branch on the domain value.
src/features/community/owner-settings/community-namespace-settings-api.ts:107:29: warning anti-slop(no-runtime-typeof): A `typeof` check narrows a representation without establishing its contract. Parse input at its I/O boundary, then branch on the domain value.
src/features/community/owner-settings/community-namespace-settings-api.ts:107:66: warning anti-slop(no-runtime-typeof): A `typeof` check narrows a representation without establishing its contract. Parse input at its I/O boundary, then branch on the domain value.
src/features/community/owner-settings/community-namespace-settings-api.ts:108:8: warning anti-slop(no-runtime-typeof): A `typeof` check narrows a representation without establishing its contract. Parse input at its I/O boundary, then branch on the domain value.
src/features/community/owner-settings/community-namespace-settings-api.ts:108:49: warning anti-slop(no-runtime-typeof): A `typeof` check narrows a representation without establishing its contract. Parse input at its I/O boundary, then branch on the domain value.
src/features/community/owner-settings/community-namespace-settings-api.ts:119:20: warning anti-slop(no-runtime-typeof): A `typeof` check narrows a representation without establishing its contract. Parse input at its I/O boundary, then branch on the domain value.
src/features/community/owner-settings/community-namespace-settings-api.ts:122:7: warning anti-slop(no-conditional-empty-object-spread): This conditional spread hides property omission behind an empty object. Build the object in separate statements and add the property only when present.
src/features/community/owner-settings/community-namespace-settings-api.ts:344:11: warning anti-slop(no-conditional-empty-object-spread): This conditional spread hides property omission behind an empty object. Build the object in separate statements and add the property only when present.
src/features/posts/post-composer/file.stories.tsx:20:10: warning anti-slop(no-runtime-typeof): A `typeof` check narrows a representation without establishing its contract. Parse input at its I/O boundary, then branch on the domain value.
src/features/communities/community-page/community-page-origin.ts:4:7: warning anti-slop(no-runtime-typeof): A `typeof` check narrows a representation without establishing its contract. Parse input at its I/O boundary, then branch on the domain value.
src/features/communities/community-page/community-page-origin.ts:4:42: warning anti-slop(no-runtime-typeof): A `typeof` check narrows a representation without establishing its contract. Parse input at its I/O boundary, then branch on the domain value.
src/features/communities/community-page/community-page-origin.ts:21:10: warning anti-slop(no-runtime-typeof): A `typeof` check narrows a representation without establishing its contract. Parse input at its I/O boundary, then branch on the domain value.
src/features/posts/post-composer/media-hooks.ts:22:10: warning anti-slop(no-runtime-typeof): A `typeof` check narrows a representation without establishing its contract. Parse input at its I/O boundary, then branch on the domain value.
src/features/posts/post-composer/media-hooks.ts:36:10: warning anti-slop(no-runtime-typeof): A `typeof` check narrows a representation without establishing its contract. Parse input at its I/O boundary, then branch on the domain value.
src/features/posts/post-composer/media-hooks.ts:47:23: warning anti-slop(no-runtime-typeof): A `typeof` check narrows a representation without establishing its contract. Parse input at its I/O boundary, then branch on the domain value.
src/features/posts/post-composer/media-hooks.ts:67:23: warning anti-slop(no-runtime-typeof): A `typeof` check narrows a representation without establishing its contract. Parse input at its I/O boundary, then branch on the domain value.
src/features/posts/post-composer/media-hooks.ts:170:11: warning anti-slop(no-runtime-typeof): A `typeof` check narrows a representation without establishing its contract. Parse input at its I/O boundary, then branch on the domain value.
src/features/posts/post-composer/media-hooks.ts:204:17: warning anti-slop(no-runtime-typeof): A `typeof` check narrows a representation without establishing its contract. Parse input at its I/O boundary, then branch on the domain value.
src/features/posts/post-composer/media-hooks.ts:309:7: warning anti-slop(no-runtime-typeof): A `typeof` check narrows a representation without establishing its contract. Parse input at its I/O boundary, then branch on the domain value.
src/features/profiles/persona-public-profile/persona-public-profile.model.ts:28:42: warning anti-slop(no-unknown-parameters): Parameter `value` leaves input unparsed. Accept a named domain type; run the expected schema or parser at the I/O boundary before calling this function.
src/features/profiles/persona-public-profile/persona-public-profile.model.ts:107:29: warning anti-slop(no-unknown-parameters): Parameter `error` leaves input unparsed. Accept a named domain type; run the expected schema or parser at the I/O boundary before calling this function.
src/features/profiles/persona-public-profile/persona-public-profile.model.ts:108:7: warning anti-slop(no-runtime-typeof): A `typeof` check narrows a representation without establishing its contract. Parse input at its I/O boundary, then branch on the domain value.
src/features/profiles/persona-public-profile/persona-public-profile.model.ts:112:10: warning anti-slop(no-runtime-typeof): A `typeof` check narrows a representation without establishing its contract. Parse input at its I/O boundary, then branch on the domain value.
src/features/profiles/persona-public-profile/persona-public-profile.model.ts:117:17: warning anti-slop(no-unknown-parameters): Parameter `rawPersonaId` leaves input unparsed. Accept a named domain type; run the expected schema or parser at the I/O boundary before calling this function.
src/features/posts/post-composer/write-step.tsx:142:7: warning eslint(no-unassigned-vars): 'imageInput' is always 'undefined' because it's never assigned. help: Variable declared without assignment. Either assign a value or remove the declaration.
src/features/posts/post-composer/write-step.tsx:143:7: warning eslint(no-unassigned-vars): 'videoInput' is always 'undefined' because it's never assigned. help: Variable declared without assignment. Either assign a value or remove the declaration.
src/features/posts/post-composer/write-step.tsx:144:7: warning eslint(no-unassigned-vars): 'songInput' is always 'undefined' because it's never assigned. help: Variable declared without assignment. Either assign a value or remove the declaration.
src/features/posts/post-composer/write-step.tsx:145:7: warning eslint(no-unassigned-vars): 'fileInput' is always 'undefined' because it's never assigned. help: Variable declared without assignment. Either assign a value or remove the declaration.
src/features/posts/post-composer/write-step.tsx:153:11: warning anti-slop(no-runtime-typeof): A `typeof` check narrows a representation without establishing its contract. Parse input at its I/O boundary, then branch on the domain value.
src/features/karaoke/karaoke-route-view.tsx:24:30: warning anti-slop(no-unknown-parameters): Parameter `error` leaves input unparsed. Accept a named domain type; run the expected schema or parser at the I/O boundary before calling this function.
src/features/karaoke/karaoke-route-view.tsx:28:34: warning anti-slop(no-unknown-parameters): Parameter `value` leaves input unparsed. Accept a named domain type; run the expected schema or parser at the I/O boundary before calling this function.
src/features/karaoke/karaoke-route-view.tsx:188:7: warning anti-slop(no-runtime-typeof): A `typeof` check narrows a representation without establishing its contract. Parse input at its I/O boundary, then branch on the domain value.
src/features/karaoke/karaoke-route-view.tsx:218:7: warning anti-slop(no-runtime-typeof): A `typeof` check narrows a representation without establishing its contract. Parse input at its I/O boundary, then branch on the domain value.
src/features/communities/community-page/community-page.model.ts:47:54: warning anti-slop(no-unknown-parameters): Parameter `value` leaves input unparsed. Accept a named domain type; run the expected schema or parser at the I/O boundary before calling this function.
src/features/communities/community-page/community-page.model.ts:48:7: warning anti-slop(no-runtime-typeof): A `typeof` check narrows a representation without establishing its contract. Parse input at its I/O boundary, then branch on the domain value.
src/features/communities/community-page/community-page.model.ts:67:29: warning anti-slop(no-unknown-parameters): Parameter `value` leaves input unparsed. Accept a named domain type; run the expected schema or parser at the I/O boundary before calling this function.
src/features/communities/community-page/community-page.model.ts:68:10: warning anti-slop(no-runtime-typeof): A `typeof` check narrows a representation without establishing its contract. Parse input at its I/O boundary, then branch on the domain value.
src/features/communities/community-page/community-page.model.ts:155:29: warning anti-slop(no-unknown-parameters): Parameter `error` leaves input unparsed. Accept a named domain type; run the expected schema or parser at the I/O boundary before calling this function.
src/features/communities/community-page/community-page.model.ts:156:7: warning anti-slop(no-runtime-typeof): A `typeof` check narrows a representation without establishing its contract. Parse input at its I/O boundary, then branch on the domain value.
src/features/communities/community-page/community-page.model.ts:159:10: warning anti-slop(no-runtime-typeof): A `typeof` check narrows a representation without establishing its contract. Parse input at its I/O boundary, then branch on the domain value.
src/features/communities/community-page/community-page.model.ts:162:33: warning anti-slop(no-unknown-parameters): Parameter `error` leaves input unparsed. Accept a named domain type; run the expected schema or parser at the I/O boundary before calling this function.
src/features/communities/community-page/community-page.model.ts:163:7: warning anti-slop(no-runtime-typeof): A `typeof` check narrows a representation without establishing its contract. Parse input at its I/O boundary, then branch on the domain value.
src/features/communities/community-page/community-page.model.ts:174:46: warning anti-slop(no-unknown-parameters): Parameter `error` leaves input unparsed. Accept a named domain type; run the expected schema or parser at the I/O boundary before calling this function.
src/features/communities/community-page/community-page.model.ts:184:19: warning anti-slop(no-unknown-parameters): Parameter `rawPathSegment` leaves input unparsed. Accept a named domain type; run the expected schema or parser at the I/O boundary before calling this function.
src/features/posts/video-submission/video-composer-runtime.tsx:31:18: warning anti-slop(no-runtime-typeof): A `typeof` check narrows a representation without establishing its contract. Parse input at its I/O boundary, then branch on the domain value.
src/routes/index.tsx:46:10: warning anti-slop(no-runtime-typeof): A `typeof` check narrows a representation without establishing its contract. Parse input at its I/O boundary, then branch on the domain value.
src/routes/index.tsx:53:7: warning anti-slop(no-runtime-typeof): A `typeof` check narrows a representation without establishing its contract. Parse input at its I/O boundary, then branch on the domain value.
src/lib/media-query.ts:10:11: warning anti-slop(no-runtime-typeof): A `typeof` check narrows a representation without establishing its contract. Parse input at its I/O boundary, then branch on the domain value.
src/features/posts/video-submission/playback-access.ts:12:8: warning anti-slop(no-runtime-typeof): A `typeof` check narrows a representation without establishing its contract. Parse input at its I/O boundary, then branch on the domain value.
src/features/posts/video-submission/playback-access.ts:12:39: warning anti-slop(no-runtime-typeof): A `typeof` check narrows a representation without establishing its contract. Parse input at its I/O boundary, then branch on the domain value.
src/features/posts/media-submission/pending.ts:71:12: warning eslint(no-control-regex): Unexpected control characters help: Avoid matching control characters in regular expressions. If intentional, consider using a Unicode escape instead.
src/features/posts/media-submission/pending.ts:134:47: warning eslint(no-control-regex): Unexpected control characters help: Avoid matching control characters in regular expressions. If intentional, consider using a Unicode escape instead.
src/features/posts/media-submission/pending.ts:105:7: warning anti-slop(no-runtime-typeof): A `typeof` check narrows a representation without establishing its contract. Parse input at its I/O boundary, then branch on the domain value.
src/features/posts/media-submission/pending.ts:178:7: warning anti-slop(no-runtime-typeof): A `typeof` check narrows a representation without establishing its contract. Parse input at its I/O boundary, then branch on the domain value.
src/features/posts/media-submission/pending.ts:179:36: warning anti-slop(no-runtime-typeof): A `typeof` check narrows a representation without establishing its contract. Parse input at its I/O boundary, then branch on the domain value.
src/hns-ingress/composition.ts:66:33: warning anti-slop(no-unknown-parameters): Parameter `error` leaves input unparsed. Accept a named domain type; run the expected schema or parser at the I/O boundary before calling this function.
src/hns-ingress/composition.ts:133:5: warning anti-slop(no-runtime-typeof): A `typeof` check narrows a representation without establishing its contract. Parse input at its I/O boundary, then branch on the domain value.
src/hns-ingress/composition.ts:134:5: warning anti-slop(no-runtime-typeof): A `typeof` check narrows a representation without establishing its contract. Parse input at its I/O boundary, then branch on the domain value.
src/hns-ingress/composition.ts:135:5: warning anti-slop(no-runtime-typeof): A `typeof` check narrows a representation without establishing its contract. Parse input at its I/O boundary, then branch on the domain value.
src/hns-ingress/composition.ts:136:5: warning anti-slop(no-runtime-typeof): A `typeof` check narrows a representation without establishing its contract. Parse input at its I/O boundary, then branch on the domain value.
src/hns-ingress/composition.ts:137:5: warning anti-slop(no-runtime-typeof): A `typeof` check narrows a representation without establishing its contract. Parse input at its I/O boundary, then branch on the domain value.
src/hns-ingress/composition.ts:138:5: warning anti-slop(no-runtime-typeof): A `typeof` check narrows a representation without establishing its contract. Parse input at its I/O boundary, then branch on the domain value.
src/hns-ingress/composition.ts:139:5: warning anti-slop(no-runtime-typeof): A `typeof` check narrows a representation without establishing its contract. Parse input at its I/O boundary, then branch on the domain value.
src/features/community/archive-page/community-archive-page.tsx:27:9: warning anti-slop(no-runtime-typeof): A `typeof` check narrows a representation without establishing its contract. Parse input at its I/O boundary, then branch on the domain value.
src/features/posts/post-composer/pending-submission.ts:178:9: warning eslint(no-control-regex): Unexpected control characters help: Avoid matching control characters in regular expressions. If intentional, consider using a Unicode escape instead.
src/features/posts/post-composer/pending-submission.ts:419:55: warning eslint(no-control-regex): Unexpected control characters help: Avoid matching control characters in regular expressions. If intentional, consider using a Unicode escape instead.
src/features/posts/post-composer/pending-submission.ts:65:58: warning anti-slop(no-unknown-parameters): Parameter `value` leaves input unparsed. Accept a named domain type; run the expected schema or parser at the I/O boundary before calling this function.
src/features/posts/post-composer/pending-submission.ts:69:32: warning anti-slop(no-unknown-parameters): Parameter `value` leaves input unparsed. Accept a named domain type; run the expected schema or parser at the I/O boundary before calling this function.
src/features/posts/post-composer/pending-submission.ts:84:60: warning anti-slop(no-unknown-parameters): Parameter `value` leaves input unparsed. Accept a named domain type; run the expected schema or parser at the I/O boundary before calling this function.
src/features/posts/post-composer/pending-submission.ts:88:38: warning anti-slop(no-unknown-parameters): Parameter `value` leaves input unparsed. Accept a named domain type; run the expected schema or parser at the I/O boundary before calling this function.
src/features/posts/post-composer/pending-submission.ts:90:7: warning anti-slop(no-runtime-typeof): A `typeof` check narrows a representation without establishing its contract. Parse input at its I/O boundary, then branch on the domain value.
src/features/posts/post-composer/pending-submission.ts:99:82: warning anti-slop(no-runtime-typeof): A `typeof` check narrows a representation without establishing its contract. Parse input at its I/O boundary, then branch on the domain value.
src/features/posts/post-composer/pending-submission.ts:103:5: warning anti-slop(no-conditional-empty-object-spread): This conditional spread hides property omission behind an empty object. Build the object in separate statements and add the property only when present.
src/features/posts/post-composer/pending-submission.ts:104:5: warning anti-slop(no-conditional-empty-object-spread): This conditional spread hides property omission behind an empty object. Build the object in separate statements and add the property only when present.
src/features/posts/post-composer/pending-submission.ts:113:36: warning anti-slop(no-unknown-parameters): Parameter `value` leaves input unparsed. Accept a named domain type; run the expected schema or parser at the I/O boundary before calling this function.
src/features/posts/post-composer/pending-submission.ts:137:7: warning anti-slop(no-conditional-empty-object-spread): This conditional spread hides property omission behind an empty object. Build the object in separate statements and add the property only when present.
src/features/posts/post-composer/pending-submission.ts:161:5: warning anti-slop(no-conditional-empty-object-spread): This conditional spread hides property omission behind an empty object. Build the object in separate statements and add the property only when present.
src/features/posts/post-composer/pending-submission.ts:192:32: warning anti-slop(no-unknown-parameters): Parameter `value` leaves input unparsed. Accept a named domain type; run the expected schema or parser at the I/O boundary before calling this function.
src/features/posts/post-composer/pending-submission.ts:193:7: warning anti-slop(no-runtime-typeof): A `typeof` check narrows a representation without establishing its contract. Parse input at its I/O boundary, then branch on the domain value.
src/features/posts/post-composer/pending-submission.ts:212:26: warning anti-slop(no-unknown-parameters): Parameter `value` leaves input unparsed. Accept a named domain type; run the expected schema or parser at the I/O boundary before calling this function.
src/features/posts/post-composer/pending-submission.ts:216:56: warning anti-slop(no-unknown-parameters): Parameter `value` leaves input unparsed. Accept a named domain type; run the expected schema or parser at the I/O boundary before calling this function.
src/features/posts/post-composer/pending-submission.ts:226:32: warning anti-slop(no-runtime-typeof): A `typeof` check narrows a representation without establishing its contract. Parse input at its I/O boundary, then branch on the domain value.
src/features/posts/post-composer/pending-submission.ts:286:33: warning anti-slop(no-unknown-parameters): Parameter `value` leaves input unparsed. Accept a named domain type; run the expected schema or parser at the I/O boundary before calling this function.
src/features/posts/post-composer/pending-submission.ts:292:10: warning anti-slop(no-unknown-parameters): Parameter `value` leaves input unparsed. Accept a named domain type; run the expected schema or parser at the I/O boundary before calling this function.
src/features/posts/post-composer/pending-submission.ts:386:7: warning anti-slop(no-conditional-empty-object-spread): This conditional spread hides property omission behind an empty object. Build the object in separate statements and add the property only when present.
src/features/posts/post-composer/pending-submission.ts:581:7: warning anti-slop(no-runtime-typeof): A `typeof` check narrows a representation without establishing its contract. Parse input at its I/O boundary, then branch on the domain value.
src/features/posts/post-composer/pending-submission.ts:583:7: warning anti-slop(no-runtime-typeof): A `typeof` check narrows a representation without establishing its contract. Parse input at its I/O boundary, then branch on the domain value.
src/features/posts/post-composer/attachment-bar.tsx:92:19: warning anti-slop(no-runtime-typeof): A `typeof` check narrows a representation without establishing its contract. Parse input at its I/O boundary, then branch on the domain value.
src/features/posts/media-submission/transport.ts:57:25: warning anti-slop(no-runtime-typeof): A `typeof` check narrows a representation without establishing its contract. Parse input at its I/O boundary, then branch on the domain value.
src/features/posts/media-submission/transport.ts:81:7: warning anti-slop(no-runtime-typeof): A `typeof` check narrows a representation without establishing its contract. Parse input at its I/O boundary, then branch on the domain value.
src/lib/async-model.test.ts:33:21: warning anti-slop(no-runtime-typeof): A `typeof` check narrows a representation without establishing its contract. Parse input at its I/O boundary, then branch on the domain value.
src/hns-ingress/wire.ts:135:31: warning anti-slop(no-unknown-parameters): Parameter `value` leaves input unparsed. Accept a named domain type; run the expected schema or parser at the I/O boundary before calling this function.
src/hns-ingress/wire.ts:139:33: warning anti-slop(no-unknown-parameters): Parameter `value` leaves input unparsed. Accept a named domain type; run the expected schema or parser at the I/O boundary before calling this function.
src/hns-ingress/wire.ts:143:37: warning anti-slop(no-unknown-parameters): Parameter `value` leaves input unparsed. Accept a named domain type; run the expected schema or parser at the I/O boundary before calling this function.
src/hns-ingress/wire.ts:153:53: warning anti-slop(no-unknown-parameters): Parameter `value` leaves input unparsed. Accept a named domain type; run the expected schema or parser at the I/O boundary before calling this function.
src/hns-ingress/wire.ts:167:43: warning anti-slop(no-unknown-parameters): Parameter `value` leaves input unparsed. Accept a named domain type; run the expected schema or parser at the I/O boundary before calling this function.
src/hns-ingress/wire.ts:171:52: warning anti-slop(no-unknown-parameters): Parameter `value` leaves input unparsed. Accept a named domain type; run the expected schema or parser at the I/O boundary before calling this function.
src/hns-ingress/wire.ts:177:48: warning anti-slop(no-unknown-parameters): Parameter `value` leaves input unparsed. Accept a named domain type; run the expected schema or parser at the I/O boundary before calling this function.
src/hns-ingress/request-diagnostics.test.ts:63:10: warning anti-slop(no-runtime-typeof): A `typeof` check narrows a representation without establishing its contract. Parse input at its I/O boundary, then branch on the domain value.
src/lib/haptics.ts:30:10: warning eslint(no-unused-vars): Function 'triggerLikeToggleHaptic' is declared but never used. help: Consider removing this declaration.
src/lib/haptics.ts:11:7: warning anti-slop(no-runtime-typeof): A `typeof` check narrows a representation without establishing its contract. Parse input at its I/O boundary, then branch on the domain value.
src/lib/haptics.ts:11:40: warning anti-slop(no-runtime-typeof): A `typeof` check narrows a representation without establishing its contract. Parse input at its I/O boundary, then branch on the domain value.
src/lib/haptics.ts:20:23: warning anti-slop(no-runtime-typeof): A `typeof` check narrows a representation without establishing its contract. Parse input at its I/O boundary, then branch on the domain value.
src/hns-ingress/handle-production-composition.ts:102:7: warning anti-slop(no-conditional-empty-object-spread): This conditional spread hides property omission behind an empty object. Build the object in separate statements and add the property only when present.
src/hns-ingress/handle-production-composition.ts:109:7: warning anti-slop(no-conditional-empty-object-spread): This conditional spread hides property omission behind an empty object. Build the object in separate statements and add the property only when present.
src/hns-ingress/handle-production-composition.ts:113:7: warning anti-slop(no-conditional-empty-object-spread): This conditional spread hides property omission behind an empty object. Build the object in separate statements and add the property only when present.
src/hns-ingress/transport.ts:160:5: warning anti-slop(no-conditional-empty-object-spread): This conditional spread hides property omission behind an empty object. Build the object in separate statements and add the property only when present.
src/hns-ingress/transport.ts:200:31: warning anti-slop(no-runtime-typeof): A `typeof` check narrows a representation without establishing its contract. Parse input at its I/O boundary, then branch on the domain value.
src/hns-ingress/transport.ts:201:32: warning anti-slop(no-runtime-typeof): A `typeof` check narrows a representation without establishing its contract. Parse input at its I/O boundary, then branch on the domain value.
src/hns-ingress/transport.ts:208:5: warning anti-slop(no-runtime-typeof): A `typeof` check narrows a representation without establishing its contract. Parse input at its I/O boundary, then branch on the domain value.
src/hns-ingress/transport.ts:256:35: warning anti-slop(no-unknown-parameters): Parameter `reason` leaves input unparsed. Accept a named domain type; run the expected schema or parser at the I/O boundary before calling this function.
src/hns-ingress/transport.ts:344:9: warning anti-slop(no-conditional-empty-object-spread): This conditional spread hides property omission behind an empty object. Build the object in separate statements and add the property only when present.
src/features/auth/sign-in-session.test.ts:18:18: warning anti-slop(no-unknown-parameters): Parameter `reason` leaves input unparsed. Accept a named domain type; run the expected schema or parser at the I/O boundary before calling this function.
src/features/auth/sign-in-session.test.ts:23:25: warning anti-slop(no-unknown-parameters): Parameter `reason` leaves input unparsed. Accept a named domain type; run the expected schema or parser at the I/O boundary before calling this function.
src/hns-ingress/forwarder-key-registry.ts:32:27: warning anti-slop(no-unknown-parameters): Parameter `value` leaves input unparsed. Accept a named domain type; run the expected schema or parser at the I/O boundary before calling this function.
src/hns-ingress/forwarder-key-registry.ts:33:7: warning anti-slop(no-runtime-typeof): A `typeof` check narrows a representation without establishing its contract. Parse input at its I/O boundary, then branch on the domain value.
src/hns-ingress/forwarder-key-registry.ts:39:30: warning anti-slop(no-unknown-parameters): Parameter `value` leaves input unparsed. Accept a named domain type; run the expected schema or parser at the I/O boundary before calling this function.
src/hns-ingress/forwarder-key-registry.ts:43:34: warning anti-slop(no-unknown-parameters): Parameter `value` leaves input unparsed. Accept a named domain type; run the expected schema or parser at the I/O boundary before calling this function.
src/hns-ingress/forwarder-key-registry.ts:70:39: warning anti-slop(no-unknown-parameters): Parameter `value` leaves input unparsed. Accept a named domain type; run the expected schema or parser at the I/O boundary before calling this function.
src/features/posts/post-composer/utils.ts:116:10: warning eslint(no-unused-vars): Function 'formatPreviewPrice' is declared but never used. help: Consider removing this declaration.
src/features/posts/media-submission/contracts.ts:29:57: warning eslint(no-control-regex): Unexpected control characters help: Avoid matching control characters in regular expressions. If intentional, consider using a Unicode escape instead.
src/features/posts/media-submission/contracts.ts:104:7: warning anti-slop(no-conditional-empty-object-spread): This conditional spread hides property omission behind an empty object. Build the object in separate statements and add the property only when present.
src/features/studying/studying-surface-rendered.test.tsx:15:37: warning anti-slop(no-conditional-empty-object-spread): This conditional spread hides property omission behind an empty object. Build the object in separate statements and add the property only when present.
src/features/studying/studying-surface-rendered.test.tsx:47:15: warning anti-slop(no-unknown-parameters): Parameter `type` leaves input unparsed. Accept a named domain type; run the expected schema or parser at the I/O boundary before calling this function.
src/features/studying/studying-surface-rendered.test.tsx:47:59: warning anti-slop(no-runtime-typeof): A `typeof` check narrows a representation without establishing its contract. Parse input at its I/O boundary, then branch on the domain value.
src/features/studying/studying-surface-rendered.test.tsx:48:16: warning anti-slop(no-unknown-parameters): Parameter `type` leaves input unparsed. Accept a named domain type; run the expected schema or parser at the I/O boundary before calling this function.
src/features/studying/studying-surface-rendered.test.tsx:48:60: warning anti-slop(no-runtime-typeof): A `typeof` check narrows a representation without establishing its contract. Parse input at its I/O boundary, then branch on the domain value.
src/features/studying/studying-surface-rendered.test.tsx:49:18: warning anti-slop(no-unknown-parameters): Parameter `type` leaves input unparsed. Accept a named domain type; run the expected schema or parser at the I/O boundary before calling this function.
src/features/studying/studying-surface-rendered.test.tsx:49:62: warning anti-slop(no-runtime-typeof): A `typeof` check narrows a representation without establishing its contract. Parse input at its I/O boundary, then branch on the domain value.
src/hns-ingress/production-composition.ts:139:7: warning anti-slop(no-conditional-empty-object-spread): This conditional spread hides property omission behind an empty object. Build the object in separate statements and add the property only when present.
src/hns-ingress/production-composition.ts:146:7: warning anti-slop(no-conditional-empty-object-spread): This conditional spread hides property omission behind an empty object. Build the object in separate statements and add the property only when present.
src/hns-ingress/production-composition.ts:169:7: warning anti-slop(no-conditional-empty-object-spread): This conditional spread hides property omission behind an empty object. Build the object in separate statements and add the property only when present.
src/hns-ingress/handle-composition.ts:162:33: warning anti-slop(no-unknown-parameters): Parameter `error` leaves input unparsed. Accept a named domain type; run the expected schema or parser at the I/O boundary before calling this function.
src/hns-ingress/handle-composition.ts:191:5: warning anti-slop(no-runtime-typeof): A `typeof` check narrows a representation without establishing its contract. Parse input at its I/O boundary, then branch on the domain value.
src/hns-ingress/handle-composition.ts:192:5: warning anti-slop(no-runtime-typeof): A `typeof` check narrows a representation without establishing its contract. Parse input at its I/O boundary, then branch on the domain value.
src/hns-ingress/handle-composition.ts:193:5: warning anti-slop(no-runtime-typeof): A `typeof` check narrows a representation without establishing its contract. Parse input at its I/O boundary, then branch on the domain value.
src/hns-ingress/handle-composition.ts:194:5: warning anti-slop(no-runtime-typeof): A `typeof` check narrows a representation without establishing its contract. Parse input at its I/O boundary, then branch on the domain value.
src/hns-ingress/handle-composition.ts:195:5: warning anti-slop(no-runtime-typeof): A `typeof` check narrows a representation without establishing its contract. Parse input at its I/O boundary, then branch on the domain value.
src/hns-ingress/handle-composition.ts:195:60: warning anti-slop(no-runtime-typeof): A `typeof` check narrows a representation without establishing its contract. Parse input at its I/O boundary, then branch on the domain value.
src/features/auth/sign-in-model.ts:71:55: warning eslint(no-unused-vars): Parameter 'error' is declared but never used. Unused parameters should start with a '_'. help: Consider removing this parameter.
src/features/auth/sign-in-model.ts:52:38: warning anti-slop(no-unknown-parameters): Parameter `error` leaves input unparsed. Accept a named domain type; run the expected schema or parser at the I/O boundary before calling this function.
src/features/auth/sign-in-model.ts:61:47: warning anti-slop(no-unknown-parameters): Parameter `error` leaves input unparsed. Accept a named domain type; run the expected schema or parser at the I/O boundary before calling this function.
src/features/auth/sign-in-model.ts:71:62: warning anti-slop(no-unknown-parameters): Parameter `error` leaves input unparsed. Accept a named domain type; run the expected schema or parser at the I/O boundary before calling this function.
src/features/auth/sign-in-model.ts:120:10: warning anti-slop(no-unknown-parameters): Parameter `error` leaves input unparsed. Accept a named domain type; run the expected schema or parser at the I/O boundary before calling this function.
src/features/bookings/profile-bookings-section/profile-bookings-section-rendered.test.tsx:14:37: warning anti-slop(no-conditional-empty-object-spread): This conditional spread hides property omission behind an empty object. Build the object in separate statements and add the property only when present.
src/features/bookings/profile-bookings-section/profile-bookings-section-rendered.test.tsx:36:15: warning anti-slop(no-unknown-parameters): Parameter `type` leaves input unparsed. Accept a named domain type; run the expected schema or parser at the I/O boundary before calling this function.
src/features/bookings/profile-bookings-section/profile-bookings-section-rendered.test.tsx:36:59: warning anti-slop(no-runtime-typeof): A `typeof` check narrows a representation without establishing its contract. Parse input at its I/O boundary, then branch on the domain value.
src/features/bookings/profile-bookings-section/profile-bookings-section-rendered.test.tsx:37:16: warning anti-slop(no-unknown-parameters): Parameter `type` leaves input unparsed. Accept a named domain type; run the expected schema or parser at the I/O boundary before calling this function.
src/features/bookings/profile-bookings-section/profile-bookings-section-rendered.test.tsx:37:60: warning anti-slop(no-runtime-typeof): A `typeof` check narrows a representation without establishing its contract. Parse input at its I/O boundary, then branch on the domain value.
src/features/bookings/profile-bookings-section/profile-bookings-section-rendered.test.tsx:38:18: warning anti-slop(no-unknown-parameters): Parameter `type` leaves input unparsed. Accept a named domain type; run the expected schema or parser at the I/O boundary before calling this function.
src/features/bookings/profile-bookings-section/profile-bookings-section-rendered.test.tsx:38:62: warning anti-slop(no-runtime-typeof): A `typeof` check narrows a representation without establishing its contract. Parse input at its I/O boundary, then branch on the domain value.
src/features/posts/post-composer/event-section.tsx:80:7: warning anti-slop(no-runtime-typeof): A `typeof` check narrows a representation without establishing its contract. Parse input at its I/O boundary, then branch on the domain value.
src/hns-ingress/replay-store-sql.test.ts:23:15: warning anti-slop(no-runtime-typeof): A `typeof` check narrows a representation without establishing its contract. Parse input at its I/O boundary, then branch on the domain value.
src/hns-ingress/replay-store-sql.test.ts:30:15: warning anti-slop(no-runtime-typeof): A `typeof` check narrows a representation without establishing its contract. Parse input at its I/O boundary, then branch on the domain value.
src/hns-ingress/replay-store-sql.test.ts:30:44: warning anti-slop(no-runtime-typeof): A `typeof` check narrows a representation without establishing its contract. Parse input at its I/O boundary, then branch on the domain value.
src/features/posts/post-composer/fields.tsx:81:7: warning eslint(no-unassigned-vars): 'inputRef' is always 'undefined' because it's never assigned. help: Variable declared without assignment. Either assign a value or remove the declaration.
src/features/posts/media-submission/coordinator.ts:69:7: warning anti-slop(no-runtime-typeof): A `typeof` check narrows a representation without establishing its contract. Parse input at its I/O boundary, then branch on the domain value.
src/features/posts/media-submission/coordinator.ts:69:40: warning anti-slop(no-runtime-typeof): A `typeof` check narrows a representation without establishing its contract. Parse input at its I/O boundary, then branch on the domain value.
src/features/posts/media-submission/coordinator.ts:152:22: warning anti-slop(no-runtime-typeof): A `typeof` check narrows a representation without establishing its contract. Parse input at its I/O boundary, then branch on the domain value.
src/features/posts/media-submission/coordinator.ts:157:12: warning anti-slop(no-runtime-typeof): A `typeof` check narrows a representation without establishing its contract. Parse input at its I/O boundary, then branch on the domain value.
src/features/posts/media-submission/coordinator.ts:170:9: warning anti-slop(no-runtime-typeof): A `typeof` check narrows a representation without establishing its contract. Parse input at its I/O boundary, then branch on the domain value.
src/features/posts/media-submission/coordinator.ts:186:43: warning anti-slop(no-conditional-empty-object-spread): This conditional spread hides property omission behind an empty object. Build the object in separate statements and add the property only when present.
src/features/posts/media-submission/coordinator.ts:197:13: warning anti-slop(no-conditional-empty-object-spread): This conditional spread hides property omission behind an empty object. Build the object in separate statements and add the property only when present.
src/features/posts/media-submission/coordinator.ts:278:45: warning anti-slop(no-conditional-empty-object-spread): This conditional spread hides property omission behind an empty object. Build the object in separate statements and add the property only when present.
src/routes/p/[persona_id].tsx:19:10: warning anti-slop(no-runtime-typeof): A `typeof` check narrows a representation without establishing its contract. Parse input at its I/O boundary, then branch on the domain value.
src/features/bookings/profile-bookings-section/profile-bookings-section-ssr.test.tsx:12:37: warning anti-slop(no-conditional-empty-object-spread): This conditional spread hides property omission behind an empty object. Build the object in separate statements and add the property only when present.
src/features/bookings/profile-bookings-section/profile-bookings-section-ssr.test.tsx:30:15: warning anti-slop(no-unknown-parameters): Parameter `type` leaves input unparsed. Accept a named domain type; run the expected schema or parser at the I/O boundary before calling this function.
src/features/bookings/profile-bookings-section/profile-bookings-section-ssr.test.tsx:30:59: warning anti-slop(no-runtime-typeof): A `typeof` check narrows a representation without establishing its contract. Parse input at its I/O boundary, then branch on the domain value.
src/features/bookings/profile-bookings-section/profile-bookings-section-ssr.test.tsx:31:16: warning anti-slop(no-unknown-parameters): Parameter `type` leaves input unparsed. Accept a named domain type; run the expected schema or parser at the I/O boundary before calling this function.
src/features/bookings/profile-bookings-section/profile-bookings-section-ssr.test.tsx:31:60: warning anti-slop(no-runtime-typeof): A `typeof` check narrows a representation without establishing its contract. Parse input at its I/O boundary, then branch on the domain value.
src/features/bookings/profile-bookings-section/profile-bookings-section-ssr.test.tsx:32:18: warning anti-slop(no-unknown-parameters): Parameter `type` leaves input unparsed. Accept a named domain type; run the expected schema or parser at the I/O boundary before calling this function.
src/features/bookings/profile-bookings-section/profile-bookings-section-ssr.test.tsx:32:62: warning anti-slop(no-runtime-typeof): A `typeof` check narrows a representation without establishing its contract. Parse input at its I/O boundary, then branch on the domain value.
src/features/posts/feed-side-panel/feed-side-panel.tsx:89:11: warning anti-slop(no-runtime-typeof): A `typeof` check narrows a representation without establishing its contract. Parse input at its I/O boundary, then branch on the domain value.
src/features/posts/feed-side-panel/feed-side-panel.tsx:89:44: warning anti-slop(no-runtime-typeof): A `typeof` check narrows a representation without establishing its contract. Parse input at its I/O boundary, then branch on the domain value.
src/features/profiles/public-profile-page/public-profile-page.model.ts:39:46: warning anti-slop(no-unknown-parameters): Parameter `value` leaves input unparsed. Accept a named domain type; run the expected schema or parser at the I/O boundary before calling this function.
src/features/profiles/public-profile-page/public-profile-page.model.ts:40:7: warning anti-slop(no-runtime-typeof): A `typeof` check narrows a representation without establishing its contract. Parse input at its I/O boundary, then branch on the domain value.
src/features/profiles/public-profile-page/public-profile-page.model.ts:69:29: warning anti-slop(no-unknown-parameters): Parameter `error` leaves input unparsed. Accept a named domain type; run the expected schema or parser at the I/O boundary before calling this function.
src/features/profiles/public-profile-page/public-profile-page.model.ts:70:7: warning anti-slop(no-runtime-typeof): A `typeof` check narrows a representation without establishing its contract. Parse input at its I/O boundary, then branch on the domain value.
src/features/profiles/public-profile-page/public-profile-page.model.ts:73:10: warning anti-slop(no-runtime-typeof): A `typeof` check narrows a representation without establishing its contract. Parse input at its I/O boundary, then branch on the domain value.
src/features/profiles/public-profile-page/public-profile-page.model.ts:76:35: warning anti-slop(no-unknown-parameters): Parameter `error` leaves input unparsed. Accept a named domain type; run the expected schema or parser at the I/O boundary before calling this function.
src/features/profiles/public-profile-page/public-profile-page.model.ts:77:7: warning anti-slop(no-runtime-typeof): A `typeof` check narrows a representation without establishing its contract. Parse input at its I/O boundary, then branch on the domain value.
src/features/profiles/public-profile-page/public-profile-page.model.ts:89:46: warning anti-slop(no-unknown-parameters): Parameter `error` leaves input unparsed. Accept a named domain type; run the expected schema or parser at the I/O boundary before calling this function.
src/features/profiles/public-profile-page/public-profile-page.model.ts:100:16: warning anti-slop(no-runtime-typeof): A `typeof` check narrows a representation without establishing its contract. Parse input at its I/O boundary, then branch on the domain value.
src/features/profiles/public-profile-page/public-profile-page.model.ts:104:5: warning anti-slop(no-conditional-empty-object-spread): This conditional spread hides property omission behind an empty object. Build the object in separate statements and add the property only when present.
src/features/profiles/public-profile-page/public-profile-page.model.ts:104:9: warning anti-slop(no-runtime-typeof): A `typeof` check narrows a representation without establishing its contract. Parse input at its I/O boundary, then branch on the domain value.
src/features/profiles/public-profile-page/public-profile-page.model.ts:154:14: warning anti-slop(no-unknown-parameters): Parameter `rawHandle` leaves input unparsed. Accept a named domain type; run the expected schema or parser at the I/O boundary before calling this function.
src/features/wallet/wallet-receive-sheet.tsx:48:21: warning anti-slop(no-runtime-typeof): A `typeof` check narrows a representation without establishing its contract. Parse input at its I/O boundary, then branch on the domain value.
src/features/posts/post-composer/regional-pricing.tsx:33:7: warning anti-slop(no-runtime-typeof): A `typeof` check narrows a representation without establishing its contract. Parse input at its I/O boundary, then branch on the domain value.
src/hns-ingress/handle-authority-client.ts:93:7: warning anti-slop(no-runtime-typeof): A `typeof` check narrows a representation without establishing its contract. Parse input at its I/O boundary, then branch on the domain value.
src/hns-ingress/handle-authority-client.ts:93:71: warning anti-slop(no-runtime-typeof): A `typeof` check narrows a representation without establishing its contract. Parse input at its I/O boundary, then branch on the domain value.
src/hns-ingress/handle-authority-client.ts:94:39: warning anti-slop(no-runtime-typeof): A `typeof` check narrows a representation without establishing its contract. Parse input at its I/O boundary, then branch on the domain value.
src/hns-ingress/handle-authority-client.ts:95:7: warning anti-slop(no-runtime-typeof): A `typeof` check narrows a representation without establishing its contract. Parse input at its I/O boundary, then branch on the domain value.
src/features/bookings/booking-management-view/booking-rendered.test.tsx:12:37: warning anti-slop(no-conditional-empty-object-spread): This conditional spread hides property omission behind an empty object. Build the object in separate statements and add the property only when present.
src/features/bookings/booking-management-view/booking-rendered.test.tsx:40:15: warning anti-slop(no-unknown-parameters): Parameter `type` leaves input unparsed. Accept a named domain type; run the expected schema or parser at the I/O boundary before calling this function.
src/features/bookings/booking-management-view/booking-rendered.test.tsx:40:59: warning anti-slop(no-runtime-typeof): A `typeof` check narrows a representation without establishing its contract. Parse input at its I/O boundary, then branch on the domain value.
src/features/bookings/booking-management-view/booking-rendered.test.tsx:41:16: warning anti-slop(no-unknown-parameters): Parameter `type` leaves input unparsed. Accept a named domain type; run the expected schema or parser at the I/O boundary before calling this function.
src/features/bookings/booking-management-view/booking-rendered.test.tsx:41:60: warning anti-slop(no-runtime-typeof): A `typeof` check narrows a representation without establishing its contract. Parse input at its I/O boundary, then branch on the domain value.
src/features/bookings/booking-management-view/booking-rendered.test.tsx:42:18: warning anti-slop(no-unknown-parameters): Parameter `type` leaves input unparsed. Accept a named domain type; run the expected schema or parser at the I/O boundary before calling this function.
src/features/bookings/booking-management-view/booking-rendered.test.tsx:42:62: warning anti-slop(no-runtime-typeof): A `typeof` check narrows a representation without establishing its contract. Parse input at its I/O boundary, then branch on the domain value.
src/hns-ingress/composition.test.ts:74:5: warning anti-slop(no-conditional-empty-object-spread): This conditional spread hides property omission behind an empty object. Build the object in separate statements and add the property only when present.
src/hns-ingress/composition.test.ts:82:5: warning anti-slop(no-conditional-empty-object-spread): This conditional spread hides property omission behind an empty object. Build the object in separate statements and add the property only when present.
src/hns-ingress/composition.test.ts:210:98: warning anti-slop(no-unknown-parameters): Parameter `error` leaves input unparsed. Accept a named domain type; run the expected schema or parser at the I/O boundary before calling this function.
src/routes/verify/zkpassport.tsx:20:29: warning anti-slop(no-unknown-parameters): Parameter `error` leaves input unparsed. Accept a named domain type; run the expected schema or parser at the I/O boundary before calling this function.
src/routes/verify/zkpassport.tsx:49:11: warning anti-slop(no-runtime-typeof): A `typeof` check narrows a representation without establishing its contract. Parse input at its I/O boundary, then branch on the domain value.
src/features/wallet/wallet-hub-model.ts:54:25: warning anti-slop(no-runtime-typeof): A `typeof` check narrows a representation without establishing its contract. Parse input at its I/O boundary, then branch on the domain value.
src/routes/communities/new.tsx:7:26: warning anti-slop(no-runtime-typeof): A `typeof` check narrows a representation without establishing its contract. Parse input at its I/O boundary, then branch on the domain value.
src/features/posts/post-composer/video-poster.ts:196:16: warning eslint(no-unused-vars): Function 'extractVideoPosterFrameSourceDataUrl' is declared but never used. help: Consider removing this declaration.
src/features/posts/post-composer/video-poster.ts:204:16: warning eslint(no-unused-vars): Function 'extractVideoPosterFrameFile' is declared but never used. help: Consider removing this declaration.
src/features/posts/post-composer/text-submission-transport.ts:81:28: warning anti-slop(no-runtime-typeof): A `typeof` check narrows a representation without establishing its contract. Parse input at its I/O boundary, then branch on the domain value.
src/features/posts/post-composer/text-submission-transport.ts:103:31: warning anti-slop(no-unknown-parameters): Parameter `value` leaves input unparsed. Accept a named domain type; run the expected schema or parser at the I/O boundary before calling this function.
src/features/posts/post-composer/text-submission-transport.ts:127:38: warning anti-slop(no-unknown-parameters): Parameter `value` leaves input unparsed. Accept a named domain type; run the expected schema or parser at the I/O boundary before calling this function.
src/features/posts/post-composer/text-submission-transport.ts:130:41: warning anti-slop(no-runtime-typeof): A `typeof` check narrows a representation without establishing its contract. Parse input at its I/O boundary, then branch on the domain value.
src/features/posts/post-composer/text-submission-transport.ts:134:36: warning anti-slop(no-runtime-typeof): A `typeof` check narrows a representation without establishing its contract. Parse input at its I/O boundary, then branch on the domain value.
src/features/posts/post-composer/text-submission-transport.ts:140:57: warning anti-slop(no-runtime-typeof): A `typeof` check narrows a representation without establishing its contract. Parse input at its I/O boundary, then branch on the domain value.
src/features/posts/post-composer/text-submission-transport.ts:146:26: warning anti-slop(no-unknown-parameters): Parameter `value` leaves input unparsed. Accept a named domain type; run the expected schema or parser at the I/O boundary before calling this function.
src/features/posts/post-composer/text-submission-transport.ts:150:65: warning anti-slop(no-unknown-parameters): Parameter `value` leaves input unparsed. Accept a named domain type; run the expected schema or parser at the I/O boundary before calling this function.
src/features/posts/post-composer/text-submission-transport.ts:155:41: warning anti-slop(no-runtime-typeof): A `typeof` check narrows a representation without establishing its contract. Parse input at its I/O boundary, then branch on the domain value.
src/features/posts/post-composer/text-submission-transport.ts:160:7: warning anti-slop(no-runtime-typeof): A `typeof` check narrows a representation without establishing its contract. Parse input at its I/O boundary, then branch on the domain value.
src/features/posts/post-composer/text-submission-transport.ts:160:41: warning anti-slop(no-runtime-typeof): A `typeof` check narrows a representation without establishing its contract. Parse input at its I/O boundary, then branch on the domain value.
src/features/posts/post-composer/text-submission-transport.ts:285:7: warning anti-slop(no-runtime-typeof): A `typeof` check narrows a representation without establishing its contract. Parse input at its I/O boundary, then branch on the domain value.
src/features/posts/post-composer/text-submission-transport.ts:285:40: warning anti-slop(no-runtime-typeof): A `typeof` check narrows a representation without establishing its contract. Parse input at its I/O boundary, then branch on the domain value.
src/features/posts/post-composer/text-submission-transport.ts:367:7: warning anti-slop(no-conditional-empty-object-spread): This conditional spread hides property omission behind an empty object. Build the object in separate statements and add the property only when present.
src/features/posts/post-composer/text-submission-transport.ts:379:7: warning anti-slop(no-conditional-empty-object-spread): This conditional spread hides property omission behind an empty object. Build the object in separate statements and add the property only when present.
src/features/posts/post-composer/text-submission-transport.ts:380:7: warning anti-slop(no-conditional-empty-object-spread): This conditional spread hides property omission behind an empty object. Build the object in separate statements and add the property only when present.
src/features/communities/handle-storefront/handle-storefront.tsx:102:7: warning anti-slop(no-runtime-typeof): A `typeof` check narrows a representation without establishing its contract. Parse input at its I/O boundary, then branch on the domain value.
src/features/communities/handle-storefront/handle-storefront.tsx:106:7: warning anti-slop(no-runtime-typeof): A `typeof` check narrows a representation without establishing its contract. Parse input at its I/O boundary, then branch on the domain value.
src/features/communities/handle-storefront/handle-storefront.tsx:122:7: warning anti-slop(no-runtime-typeof): A `typeof` check narrows a representation without establishing its contract. Parse input at its I/O boundary, then branch on the domain value.
src/features/communities/handle-storefront/handle-storefront.tsx:194:33: warning anti-slop(no-unknown-parameters): Parameter `error` leaves input unparsed. Accept a named domain type; run the expected schema or parser at the I/O boundary before calling this function.
src/features/communities/handle-storefront/handle-storefront.tsx:197:10: warning anti-slop(no-runtime-typeof): A `typeof` check narrows a representation without establishing its contract. Parse input at its I/O boundary, then branch on the domain value.
src/features/communities/handle-storefront/handle-storefront.tsx:200:37: warning anti-slop(no-unknown-parameters): Parameter `error` leaves input unparsed. Accept a named domain type; run the expected schema or parser at the I/O boundary before calling this function.
src/features/communities/handle-storefront/handle-storefront.tsx:203:10: warning anti-slop(no-runtime-typeof): A `typeof` check narrows a representation without establishing its contract. Parse input at its I/O boundary, then branch on the domain value.
src/features/communities/handle-storefront/handle-storefront.tsx:206:41: warning anti-slop(no-unknown-parameters): Parameter `error` leaves input unparsed. Accept a named domain type; run the expected schema or parser at the I/O boundary before calling this function.
src/features/communities/handle-storefront/handle-storefront.tsx:226:35: warning anti-slop(no-unknown-parameters): Parameter `error` leaves input unparsed. Accept a named domain type; run the expected schema or parser at the I/O boundary before calling this function.
src/features/posts/post-composer/pending-submission.test.ts:125:14: warning anti-slop(no-unknown-parameters): Parameter `value` leaves input unparsed. Accept a named domain type; run the expected schema or parser at the I/O boundary before calling this function.
src/features/studying/studying-feedback-audio.ts:14:7: warning anti-slop(no-runtime-typeof): A `typeof` check narrows a representation without establishing its contract. Parse input at its I/O boundary, then branch on the domain value.
src/features/studying/studying-feedback-audio.ts:80:7: warning anti-slop(no-runtime-typeof): A `typeof` check narrows a representation without establishing its contract. Parse input at its I/O boundary, then branch on the domain value.
src/features/studying/study-v2-route-view.tsx:62:29: warning anti-slop(no-unknown-parameters): Parameter `error` leaves input unparsed. Accept a named domain type; run the expected schema or parser at the I/O boundary before calling this function.
src/features/studying/study-v2-route-view.tsx:68:7: warning anti-slop(no-runtime-typeof): A `typeof` check narrows a representation without establishing its contract. Parse input at its I/O boundary, then branch on the domain value.
src/features/studying/study-v2-route-view.tsx:104:14: warning anti-slop(no-runtime-typeof): A `typeof` check narrows a representation without establishing its contract. Parse input at its I/O boundary, then branch on the domain value.
src/routes/verify/very.tsx:60:29: warning anti-slop(no-unknown-parameters): Parameter `error` leaves input unparsed. Accept a named domain type; run the expected schema or parser at the I/O boundary before calling this function.
src/routes/verify/very.tsx:80:10: warning anti-slop(no-runtime-typeof): A `typeof` check narrows a representation without establishing its contract. Parse input at its I/O boundary, then branch on the domain value.
src/routes/verify/very.tsx:143:10: warning anti-slop(no-runtime-typeof): A `typeof` check narrows a representation without establishing its contract. Parse input at its I/O boundary, then branch on the domain value.
src/routes/verify/very.tsx:300:9: warning anti-slop(no-runtime-typeof): A `typeof` check narrows a representation without establishing its contract. Parse input at its I/O boundary, then branch on the domain value.
src/routes/verify/very.tsx:300:52: warning anti-slop(no-runtime-typeof): A `typeof` check narrows a representation without establishing its contract. Parse input at its I/O boundary, then branch on the domain value.
src/routes/verify/very.tsx:440:34: warning anti-slop(no-runtime-typeof): A `typeof` check narrows a representation without establishing its contract. Parse input at its I/O boundary, then branch on the domain value.
src/features/posts/public-post/public-post-sitemap.ts:96:14: warning anti-slop(no-conditional-empty-object-spread): This conditional spread hides property omission behind an empty object. Build the object in separate statements and add the property only when present.
src/features/posts/post-composer/song-upload-flow.tsx:72:7: warning eslint(no-unassigned-vars): 'audioElement' is always 'undefined' because it's never assigned. help: Variable declared without assignment. Either assign a value or remove the declaration.
src/features/posts/post-composer/song-upload-flow.tsx:73:7: warning eslint(no-unassigned-vars): 'coverInput' is always 'undefined' because it's never assigned. help: Variable declared without assignment. Either assign a value or remove the declaration.
src/features/posts/post-composer/song-upload-flow.tsx:180:7: warning eslint(no-unassigned-vars): 'previewAudio' is always 'undefined' because it's never assigned. help: Variable declared without assignment. Either assign a value or remove the declaration.
src/features/bookings/add-to-calendar/add-to-calendar.test.tsx:130:29: warning anti-slop(no-unknown-parameters): Parameter `blob` leaves input unparsed. Accept a named domain type; run the expected schema or parser at the I/O boundary before calling this function.
src/features/bookings/add-to-calendar/add-to-calendar.test.tsx:194:29: warning anti-slop(no-unknown-parameters): Parameter `blob` leaves input unparsed. Accept a named domain type; run the expected schema or parser at the I/O boundary before calling this function.
src/features/posts/video-feed/home-video-feed-model.ts:23:26: warning anti-slop(no-unknown-parameters): Parameter `value` leaves input unparsed. Accept a named domain type; run the expected schema or parser at the I/O boundary before calling this function.
src/features/posts/video-feed/home-video-feed-model.ts:27:32: warning anti-slop(no-unknown-parameters): Parameter `value` leaves input unparsed. Accept a named domain type; run the expected schema or parser at the I/O boundary before calling this function.
src/features/posts/video-feed/home-video-feed-model.ts:28:10: warning anti-slop(no-runtime-typeof): A `typeof` check narrows a representation without establishing its contract. Parse input at its I/O boundary, then branch on the domain value.
src/features/posts/video-feed/home-video-feed-model.ts:32:37: warning anti-slop(no-unknown-parameters): Parameter `value` leaves input unparsed. Accept a named domain type; run the expected schema or parser at the I/O boundary before calling this function.
src/features/posts/video-feed/home-video-feed-model.ts:68:9: warning anti-slop(no-runtime-typeof): A `typeof` check narrows a representation without establishing its contract. Parse input at its I/O boundary, then branch on the domain value.
src/features/posts/video-feed/home-video-feed-model.ts:70:40: warning anti-slop(no-conditional-empty-object-spread): This conditional spread hides property omission behind an empty object. Build the object in separate statements and add the property only when present.
src/features/posts/video-feed/home-video-feed-model.ts:76:38: warning anti-slop(no-conditional-empty-object-spread): This conditional spread hides property omission behind an empty object. Build the object in separate statements and add the property only when present.
src/features/posts/video-feed/home-video-feed-model.ts:120:5: warning anti-slop(no-conditional-empty-object-spread): This conditional spread hides property omission behind an empty object. Build the object in separate statements and add the property only when present.
src/features/posts/video-feed/home-video-feed-model.ts:122:5: warning anti-slop(no-conditional-empty-object-spread): This conditional spread hides property omission behind an empty object. Build the object in separate statements and add the property only when present.
src/features/posts/video-feed/home-video-feed-model.ts:123:5: warning anti-slop(no-conditional-empty-object-spread): This conditional spread hides property omission behind an empty object. Build the object in separate statements and add the property only when present.
src/features/posts/public-post/public-post-route.model.ts:70:43: warning anti-slop(no-unknown-parameters): Parameter `raw` leaves input unparsed. Accept a named domain type; run the expected schema or parser at the I/O boundary before calling this function.
src/features/posts/public-post/public-post-route.model.ts:71:7: warning anti-slop(no-runtime-typeof): A `typeof` check narrows a representation without establishing its contract. Parse input at its I/O boundary, then branch on the domain value.
src/features/posts/public-post/public-post-route.model.ts:88:63: warning anti-slop(no-unknown-parameters): Parameter `value` leaves input unparsed. Accept a named domain type; run the expected schema or parser at the I/O boundary before calling this function.
src/features/posts/public-post/public-post-route.model.ts:89:7: warning anti-slop(no-runtime-typeof): A `typeof` check narrows a representation without establishing its contract. Parse input at its I/O boundary, then branch on the domain value.
src/features/posts/public-post/public-post-route.model.ts:217:29: warning anti-slop(no-unknown-parameters): Parameter `error` leaves input unparsed. Accept a named domain type; run the expected schema or parser at the I/O boundary before calling this function.
src/features/posts/public-post/public-post-route.model.ts:218:7: warning anti-slop(no-runtime-typeof): A `typeof` check narrows a representation without establishing its contract. Parse input at its I/O boundary, then branch on the domain value.
src/features/posts/public-post/public-post-route.model.ts:222:10: warning anti-slop(no-runtime-typeof): A `typeof` check narrows a representation without establishing its contract. Parse input at its I/O boundary, then branch on the domain value.
src/features/posts/public-post/public-post-route.model.ts:225:32: warning anti-slop(no-unknown-parameters): Parameter `error` leaves input unparsed. Accept a named domain type; run the expected schema or parser at the I/O boundary before calling this function.
src/features/posts/public-post/public-post-route.model.ts:244:39: warning anti-slop(no-conditional-empty-object-spread): This conditional spread hides property omission behind an empty object. Build the object in separate statements and add the property only when present.
src/features/posts/post-composer/text-submission-contract.ts:61:47: warning anti-slop(no-unknown-parameters): Parameter `value` leaves input unparsed. Accept a named domain type; run the expected schema or parser at the I/O boundary before calling this function.
src/features/posts/post-composer/text-submission-contract.ts:84:59: warning anti-slop(no-unknown-parameters): Parameter `value` leaves input unparsed. Accept a named domain type; run the expected schema or parser at the I/O boundary before calling this function.
src/features/posts/post-composer/text-submission-contract.ts:95:54: warning anti-slop(no-unknown-parameters): Parameter `value` leaves input unparsed. Accept a named domain type; run the expected schema or parser at the I/O boundary before calling this function.
src/features/posts/post-composer/text-submission-contract.ts:113:7: warning anti-slop(no-runtime-typeof): A `typeof` check narrows a representation without establishing its contract. Parse input at its I/O boundary, then branch on the domain value.
src/features/posts/post-composer/text-submission-contract.ts:116:42: warning anti-slop(no-runtime-typeof): A `typeof` check narrows a representation without establishing its contract. Parse input at its I/O boundary, then branch on the domain value.
src/features/posts/post-composer/text-submission-contract.ts:125:31: warning anti-slop(no-runtime-typeof): A `typeof` check narrows a representation without establishing its contract. Parse input at its I/O boundary, then branch on the domain value.
src/features/posts/post-composer/text-submission-contract.ts:128:7: warning anti-slop(no-runtime-typeof): A `typeof` check narrows a representation without establishing its contract. Parse input at its I/O boundary, then branch on the domain value.
src/features/posts/post-composer/text-submission-contract.ts:161:26: warning anti-slop(no-unknown-parameters): Parameter `value` leaves input unparsed. Accept a named domain type; run the expected schema or parser at the I/O boundary before calling this function.
src/features/posts/post-composer/text-submission-contract.ts:165:32: warning anti-slop(no-unknown-parameters): Parameter `value` leaves input unparsed. Accept a named domain type; run the expected schema or parser at the I/O boundary before calling this function.
src/features/posts/post-composer/text-submission-contract.ts:166:7: warning anti-slop(no-runtime-typeof): A `typeof` check narrows a representation without establishing its contract. Parse input at its I/O boundary, then branch on the domain value.
src/features/posts/post-composer/text-submission-contract.ts:172:32: warning anti-slop(no-unknown-parameters): Parameter `value` leaves input unparsed. Accept a named domain type; run the expected schema or parser at the I/O boundary before calling this function.
src/features/posts/post-composer/text-submission-contract.ts:173:25: warning anti-slop(no-runtime-typeof): A `typeof` check narrows a representation without establishing its contract. Parse input at its I/O boundary, then branch on the domain value.
src/features/posts/post-composer/text-submission-contract.ts:179:41: warning anti-slop(no-unknown-parameters): Parameter `value` leaves input unparsed. Accept a named domain type; run the expected schema or parser at the I/O boundary before calling this function.
src/features/posts/post-composer/text-submission-contract.ts:187:41: warning anti-slop(no-unknown-parameters): Parameter `value` leaves input unparsed. Accept a named domain type; run the expected schema or parser at the I/O boundary before calling this function.
src/features/posts/post-composer/text-submission-contract.ts:208:52: warning anti-slop(no-unknown-parameters): Parameter `value` leaves input unparsed. Accept a named domain type; run the expected schema or parser at the I/O boundary before calling this function.
src/features/studying/studying-browser-recorder.ts:29:50: warning anti-slop(no-runtime-typeof): A `typeof` check narrows a representation without establishing its contract. Parse input at its I/O boundary, then branch on the domain value.
src/features/studying/studying-model.ts:154:10: warning anti-slop(no-runtime-typeof): A `typeof` check narrows a representation without establishing its contract. Parse input at its I/O boundary, then branch on the domain value.
src/features/studying/studying-model.ts:302:5: warning anti-slop(no-conditional-empty-object-spread): This conditional spread hides property omission behind an empty object. Build the object in separate statements and add the property only when present.
src/features/bookings/add-to-calendar/calendar-file.ts:119:54: warning eslint(no-unsafe-finally): Unsafe `finally` block. help: Control flow inside `try` or `catch` blocks will be overwritten by this statement.
src/routes/u/[handle].tsx:16:10: warning anti-slop(no-runtime-typeof): A `typeof` check narrows a representation without establishing its contract. Parse input at its I/O boundary, then branch on the domain value.
src/routes/u/[handle].tsx:30:14: warning anti-slop(no-unknown-parameters): Parameter `rawHandle` leaves input unparsed. Accept a named domain type; run the expected schema or parser at the I/O boundary before calling this function.
src/features/communities/handle-storefront/handle-storefront.model.ts:57:52: warning anti-slop(no-unknown-parameters): Parameter `value` leaves input unparsed. Accept a named domain type; run the expected schema or parser at the I/O boundary before calling this function.
src/features/communities/handle-storefront/handle-storefront.model.ts:58:7: warning anti-slop(no-runtime-typeof): A `typeof` check narrows a representation without establishing its contract. Parse input at its I/O boundary, then branch on the domain value.
src/features/communities/handle-storefront/handle-storefront.model.ts:238:38: warning anti-slop(no-unknown-parameters): Parameter `error` leaves input unparsed. Accept a named domain type; run the expected schema or parser at the I/O boundary before calling this function.
src/features/communities/handle-storefront/handle-storefront.model.ts:239:7: warning anti-slop(no-runtime-typeof): A `typeof` check narrows a representation without establishing its contract. Parse input at its I/O boundary, then branch on the domain value.
src/features/communities/handle-storefront/handle-storefront.model.ts:250:19: warning anti-slop(no-unknown-parameters): Parameter `rawPathSegment` leaves input unparsed. Accept a named domain type; run the expected schema or parser at the I/O boundary before calling this function.
src/features/posts/post-composer/attachment-card.tsx:44:7: warning eslint(no-unassigned-vars): 'videoRef' is always 'undefined' because it's never assigned. help: Variable declared without assignment. Either assign a value or remove the declaration.
src/features/posts/post-composer/attachment-card.tsx:161:7: warning eslint(no-unassigned-vars): 'linkInputRef' is always 'undefined' because it's never assigned. help: Variable declared without assignment. Either assign a value or remove the declaration.
src/features/karaoke/karaoke-leaderboard-rendered.test.tsx:14:37: warning anti-slop(no-conditional-empty-object-spread): This conditional spread hides property omission behind an empty object. Build the object in separate statements and add the property only when present.
src/features/karaoke/karaoke-leaderboard-rendered.test.tsx:44:15: warning anti-slop(no-unknown-parameters): Parameter `type` leaves input unparsed. Accept a named domain type; run the expected schema or parser at the I/O boundary before calling this function.
src/features/karaoke/karaoke-leaderboard-rendered.test.tsx:44:59: warning anti-slop(no-runtime-typeof): A `typeof` check narrows a representation without establishing its contract. Parse input at its I/O boundary, then branch on the domain value.
src/features/karaoke/karaoke-leaderboard-rendered.test.tsx:45:16: warning anti-slop(no-unknown-parameters): Parameter `type` leaves input unparsed. Accept a named domain type; run the expected schema or parser at the I/O boundary before calling this function.
src/features/karaoke/karaoke-leaderboard-rendered.test.tsx:45:60: warning anti-slop(no-runtime-typeof): A `typeof` check narrows a representation without establishing its contract. Parse input at its I/O boundary, then branch on the domain value.
src/features/karaoke/karaoke-leaderboard-rendered.test.tsx:46:18: warning anti-slop(no-unknown-parameters): Parameter `type` leaves input unparsed. Accept a named domain type; run the expected schema or parser at the I/O boundary before calling this function.
src/features/karaoke/karaoke-leaderboard-rendered.test.tsx:46:62: warning anti-slop(no-runtime-typeof): A `typeof` check narrows a representation without establishing its contract. Parse input at its I/O boundary, then branch on the domain value.
src/hns-ingress/interrupt-deadline.ts:12:35: warning anti-slop(no-unknown-parameters): Parameter `reason` leaves input unparsed. Accept a named domain type; run the expected schema or parser at the I/O boundary before calling this function.
src/features/studying/studying-route-view.tsx:61:7: warning anti-slop(no-runtime-typeof): A `typeof` check narrows a representation without establishing its contract. Parse input at its I/O boundary, then branch on the domain value.
src/features/studying/studying-route-view.tsx:383:7: warning anti-slop(no-runtime-typeof): A `typeof` check narrows a representation without establishing its contract. Parse input at its I/O boundary, then branch on the domain value.
src/features/posts/post-composer/create-post-dialog.tsx:85:7: warning anti-slop(no-runtime-typeof): A `typeof` check narrows a representation without establishing its contract. Parse input at its I/O boundary, then branch on the domain value.
src/features/posts/post-composer/create-post-dialog.tsx:85:40: warning anti-slop(no-runtime-typeof): A `typeof` check narrows a representation without establishing its contract. Parse input at its I/O boundary, then branch on the domain value.
src/features/posts/post-composer/video-frame-picker.tsx:23:7: warning eslint(no-unassigned-vars): 'videoRef' is always 'undefined' because it's never assigned. help: Variable declared without assignment. Either assign a value or remove the declaration.
src/features/posts/video-feed/home-video-feed.tsx:122:18: warning anti-slop(no-runtime-typeof): A `typeof` check narrows a representation without establishing its contract. Parse input at its I/O boundary, then branch on the domain value.
src/features/posts/video-feed/home-video-feed.tsx:124:9: warning anti-slop(no-runtime-typeof): A `typeof` check narrows a representation without establishing its contract. Parse input at its I/O boundary, then branch on the domain value.
src/features/posts/post-card/navigation.ts:25:7: warning anti-slop(no-runtime-typeof): A `typeof` check narrows a representation without establishing its contract. Parse input at its I/O boundary, then branch on the domain value.
src/features/posts/public-post/public-post-preflight.ts:47:5: warning anti-slop(no-conditional-empty-object-spread): This conditional spread hides property omission behind an empty object. Build the object in separate statements and add the property only when present.
src/features/karaoke/karaoke-route-model.ts:12:43: warning anti-slop(no-unknown-parameters): Parameter `error` leaves input unparsed. Accept a named domain type; run the expected schema or parser at the I/O boundary before calling this function.
src/features/karaoke/karaoke-route-model.ts:13:7: warning anti-slop(no-runtime-typeof): A `typeof` check narrows a representation without establishing its contract. Parse input at its I/O boundary, then branch on the domain value.
src/features/posts/public-post/public-post-route-loader.ts:19:10: warning anti-slop(no-runtime-typeof): A `typeof` check narrows a representation without establishing its contract. Parse input at its I/O boundary, then branch on the domain value.
src/features/posts/public-post/public-post-route-loader.ts:25:10: warning anti-slop(no-runtime-typeof): A `typeof` check narrows a representation without establishing its contract. Parse input at its I/O boundary, then branch on the domain value.
src/features/posts/public-post/public-post-route-loader.ts:36:10: warning anti-slop(no-runtime-typeof): A `typeof` check narrows a representation without establishing its contract. Parse input at its I/O boundary, then branch on the domain value.
src/features/posts/public-post/public-post-route-loader.ts:50:13: warning anti-slop(no-runtime-typeof): A `typeof` check narrows a representation without establishing its contract. Parse input at its I/O boundary, then branch on the domain value.
src/features/posts/public-post/public-post-route-loader.ts:51:5: warning anti-slop(no-runtime-typeof): A `typeof` check narrows a representation without establishing its contract. Parse input at its I/O boundary, then branch on the domain value.
src/features/posts/public-post/public-post-route-loader.ts:57:9: warning anti-slop(no-runtime-typeof): A `typeof` check narrows a representation without establishing its contract. Parse input at its I/O boundary, then branch on the domain value.
src/hns-ingress/authority-client.ts:64:35: warning anti-slop(no-unknown-parameters): Parameter `reason` leaves input unparsed. Accept a named domain type; run the expected schema or parser at the I/O boundary before calling this function.
src/hns-ingress/authority-client.ts:149:7: warning anti-slop(no-runtime-typeof): A `typeof` check narrows a representation without establishing its contract. Parse input at its I/O boundary, then branch on the domain value.
src/api/community-route-client.ts:20:7: warning anti-slop(no-runtime-typeof): A `typeof` check narrows a representation without establishing its contract. Parse input at its I/O boundary, then branch on the domain value.
src/api/zkpassport.ts:145:24: warning anti-slop(no-unknown-parameters): Parameter `value` leaves input unparsed. Accept a named domain type; run the expected schema or parser at the I/O boundary before calling this function.
src/api/zkpassport.ts:146:25: warning anti-slop(no-runtime-typeof): A `typeof` check narrows a representation without establishing its contract. Parse input at its I/O boundary, then branch on the domain value.
src/api/zkpassport.ts:164:31: warning anti-slop(no-unknown-parameters): Parameter `value` leaves input unparsed. Accept a named domain type; run the expected schema or parser at the I/O boundary before calling this function.
src/api/zkpassport.ts:165:7: warning anti-slop(no-runtime-typeof): A `typeof` check narrows a representation without establishing its contract. Parse input at its I/O boundary, then branch on the domain value.
src/api/zkpassport.ts:171:39: warning anti-slop(no-unknown-parameters): Parameter `value` leaves input unparsed. Accept a named domain type; run the expected schema or parser at the I/O boundary before calling this function.
src/api/zkpassport.ts:175:33: warning anti-slop(no-unknown-parameters): Parameter `value` leaves input unparsed. Accept a named domain type; run the expected schema or parser at the I/O boundary before calling this function.
src/api/zkpassport.ts:176:7: warning anti-slop(no-runtime-typeof): A `typeof` check narrows a representation without establishing its contract. Parse input at its I/O boundary, then branch on the domain value.
src/api/zkpassport.ts:182:29: warning anti-slop(no-unknown-parameters): Parameter `value` leaves input unparsed. Accept a named domain type; run the expected schema or parser at the I/O boundary before calling this function.
src/api/zkpassport.ts:187:40: warning anti-slop(no-unknown-parameters): Parameter `value` leaves input unparsed. Accept a named domain type; run the expected schema or parser at the I/O boundary before calling this function.
src/api/zkpassport.ts:196:29: warning anti-slop(no-unknown-parameters): Parameter `value` leaves input unparsed. Accept a named domain type; run the expected schema or parser at the I/O boundary before calling this function.
src/api/zkpassport.ts:213:30: warning anti-slop(no-unknown-parameters): Parameter `value` leaves input unparsed. Accept a named domain type; run the expected schema or parser at the I/O boundary before calling this function.
src/api/zkpassport.ts:220:7: warning anti-slop(no-runtime-typeof): A `typeof` check narrows a representation without establishing its contract. Parse input at its I/O boundary, then branch on the domain value.
src/api/zkpassport.ts:234:28: warning anti-slop(no-unknown-parameters): Parameter `value` leaves input unparsed. Accept a named domain type; run the expected schema or parser at the I/O boundary before calling this function.
src/api/zkpassport.ts:246:7: warning anti-slop(no-runtime-typeof): A `typeof` check narrows a representation without establishing its contract. Parse input at its I/O boundary, then branch on the domain value.
src/api/zkpassport.ts:274:11: warning anti-slop(no-runtime-typeof): A `typeof` check narrows a representation without establishing its contract. Parse input at its I/O boundary, then branch on the domain value.
src/api/zkpassport.ts:293:54: warning anti-slop(no-unknown-parameters): Parameter `started` leaves input unparsed. Accept a named domain type; run the expected schema or parser at the I/O boundary before calling this function.
src/api/zkpassport.ts:298:58: warning anti-slop(no-runtime-typeof): A `typeof` check narrows a representation without establishing its contract. Parse input at its I/O boundary, then branch on the domain value.
src/api/zkpassport.ts:342:25: warning anti-slop(no-runtime-typeof): A `typeof` check narrows a representation without establishing its contract. Parse input at its I/O boundary, then branch on the domain value.
src/api/zkpassport.ts:364:7: warning anti-slop(no-runtime-typeof): A `typeof` check narrows a representation without establishing its contract. Parse input at its I/O boundary, then branch on the domain value.
src/api/zkpassport.ts:381:34: warning anti-slop(no-unknown-parameters): Parameter `value` leaves input unparsed. Accept a named domain type; run the expected schema or parser at the I/O boundary before calling this function.
src/api/zkpassport.ts:392:76: warning anti-slop(no-runtime-typeof): A `typeof` check narrows a representation without establishing its contract. Parse input at its I/O boundary, then branch on the domain value.
src/api/zkpassport.ts:434:40: warning anti-slop(no-runtime-typeof): A `typeof` check narrows a representation without establishing its contract. Parse input at its I/O boundary, then branch on the domain value.
src/api/zkpassport.ts:450:7: warning anti-slop(no-runtime-typeof): A `typeof` check narrows a representation without establishing its contract. Parse input at its I/O boundary, then branch on the domain value.
src/api/zkpassport.ts:450:72: warning anti-slop(no-runtime-typeof): A `typeof` check narrows a representation without establishing its contract. Parse input at its I/O boundary, then branch on the domain value.
src/api/zkpassport.ts:546:15: warning anti-slop(no-unknown-parameters): Parameter `error` leaves input unparsed. Accept a named domain type; run the expected schema or parser at the I/O boundary before calling this function.
src/features/profiles/public-profile-page/public-profile-page.model.test.ts:56:39: warning anti-slop(no-runtime-typeof): A `typeof` check narrows a representation without establishing its contract. Parse input at its I/O boundary, then branch on the domain value.
src/features/karaoke/karaoke-api.ts:138:7: warning anti-slop(no-runtime-typeof): A `typeof` check narrows a representation without establishing its contract. Parse input at its I/O boundary, then branch on the domain value.
src/api/handle-sales-client.ts:34:7: warning anti-slop(no-runtime-typeof): A `typeof` check narrows a representation without establishing its contract. Parse input at its I/O boundary, then branch on the domain value.
src/api/handle-sales-client.ts:94:35: warning anti-slop(no-runtime-typeof): A `typeof` check narrows a representation without establishing its contract. Parse input at its I/O boundary, then branch on the domain value.
src/features/karaoke/lyric-transform.ts:60:26: warning anti-slop(no-unknown-parameters): Parameter `value` leaves input unparsed. Accept a named domain type; run the expected schema or parser at the I/O boundary before calling this function.
src/features/karaoke/lyric-transform.ts:64:31: warning anti-slop(no-unknown-parameters): Parameter `value` leaves input unparsed. Accept a named domain type; run the expected schema or parser at the I/O boundary before calling this function.
src/features/karaoke/lyric-transform.ts:65:7: warning anti-slop(no-runtime-typeof): A `typeof` check narrows a representation without establishing its contract. Parse input at its I/O boundary, then branch on the domain value.
src/features/karaoke/lyric-transform.ts:65:36: warning anti-slop(no-runtime-typeof): A `typeof` check narrows a representation without establishing its contract. Parse input at its I/O boundary, then branch on the domain value.
src/features/karaoke/lyric-transform.ts:103:9: warning anti-slop(no-runtime-typeof): A `typeof` check narrows a representation without establishing its contract. Parse input at its I/O boundary, then branch on the domain value.
src/features/karaoke/lyric-transform.ts:103:38: warning anti-slop(no-runtime-typeof): A `typeof` check narrows a representation without establishing its contract. Parse input at its I/O boundary, then branch on the domain value.
src/features/karaoke/lyric-transform.ts:111:28: warning anti-slop(no-unknown-parameters): Parameter `value` leaves input unparsed. Accept a named domain type; run the expected schema or parser at the I/O boundary before calling this function.
src/features/karaoke/lyric-transform.ts:112:7: warning anti-slop(no-runtime-typeof): A `typeof` check narrows a representation without establishing its contract. Parse input at its I/O boundary, then branch on the domain value.
src/features/karaoke/lyric-transform.ts:116:7: warning anti-slop(no-runtime-typeof): A `typeof` check narrows a representation without establishing its contract. Parse input at its I/O boundary, then branch on the domain value.
src/features/karaoke/lyric-transform.ts:129:26: warning anti-slop(no-unknown-parameters): Parameter `value` leaves input unparsed. Accept a named domain type; run the expected schema or parser at the I/O boundary before calling this function.
src/features/karaoke/lyric-transform.ts:480:20: warning anti-slop(no-runtime-typeof): A `typeof` check narrows a representation without establishing its contract. Parse input at its I/O boundary, then branch on the domain value.
src/features/karaoke/lyric-transform.ts:480:51: warning anti-slop(no-runtime-typeof): A `typeof` check narrows a representation without establishing its contract. Parse input at its I/O boundary, then branch on the domain value.
src/features/profiles/public-profile-page/public-profile-page.test.tsx:57:39: warning anti-slop(no-runtime-typeof): A `typeof` check narrows a representation without establishing its contract. Parse input at its I/O boundary, then branch on the domain value.
src/hns-ingress/access-jwt.ts:85:29: warning anti-slop(no-unknown-parameters): Parameter `value` leaves input unparsed. Accept a named domain type; run the expected schema or parser at the I/O boundary before calling this function.
src/hns-ingress/access-jwt.ts:97:30: warning anti-slop(no-unknown-parameters): Parameter `value` leaves input unparsed. Accept a named domain type; run the expected schema or parser at the I/O boundary before calling this function.
src/hns-ingress/access-jwt.ts:101:29: warning anti-slop(no-unknown-parameters): Parameter `value` leaves input unparsed. Accept a named domain type; run the expected schema or parser at the I/O boundary before calling this function.
src/hns-ingress/access-jwt.ts:109:84: warning anti-slop(no-runtime-typeof): A `typeof` check narrows a representation without establishing its contract. Parse input at its I/O boundary, then branch on the domain value.
src/hns-ingress/access-jwt.ts:118:26: warning anti-slop(no-unknown-parameters): Parameter `value` leaves input unparsed. Accept a named domain type; run the expected schema or parser at the I/O boundary before calling this function.
src/hns-ingress/access-jwt.ts:166:35: warning anti-slop(no-unknown-parameters): Parameter `reason` leaves input unparsed. Accept a named domain type; run the expected schema or parser at the I/O boundary before calling this function.
src/hns-ingress/access-jwt.ts:233:9: warning anti-slop(no-runtime-typeof): A `typeof` check narrows a representation without establishing its contract. Parse input at its I/O boundary, then branch on the domain value.
src/hns-ingress/access-jwt.ts:248:10: warning anti-slop(no-runtime-typeof): A `typeof` check narrows a representation without establishing its contract. Parse input at its I/O boundary, then branch on the domain value.
src/hns-ingress/handle-wire.ts:66:31: warning anti-slop(no-unknown-parameters): Parameter `value` leaves input unparsed. Accept a named domain type; run the expected schema or parser at the I/O boundary before calling this function.
src/hns-ingress/handle-wire.ts:70:33: warning anti-slop(no-unknown-parameters): Parameter `value` leaves input unparsed. Accept a named domain type; run the expected schema or parser at the I/O boundary before calling this function.
src/hns-ingress/handle-wire.ts:74:54: warning anti-slop(no-unknown-parameters): Parameter `value` leaves input unparsed. Accept a named domain type; run the expected schema or parser at the I/O boundary before calling this function.
src/hns-ingress/handle-wire.ts:83:46: warning anti-slop(no-unknown-parameters): Parameter `value` leaves input unparsed. Accept a named domain type; run the expected schema or parser at the I/O boundary before calling this function.
src/features/community/rules-editor/community-rules-editor-page.tsx:83:7: warning eslint(no-unassigned-vars): 'titleInput' is always 'undefined' because it's never assigned. help: Variable declared without assignment. Either assign a value or remove the declaration.
src/features/community/rules-editor/community-rules-editor-page.tsx:84:7: warning anti-slop(no-runtime-typeof): A `typeof` check narrows a representation without establishing its contract. Parse input at its I/O boundary, then branch on the domain value.
src/features/community/rules-editor/community-rules-editor-page.tsx:153:9: warning anti-slop(no-runtime-typeof): A `typeof` check narrows a representation without establishing its contract. Parse input at its I/O boundary, then branch on the domain value.
src/api/proxy.ts:51:31: warning anti-slop(no-unknown-parameters): Parameter `reason` leaves input unparsed. Accept a named domain type; run the expected schema or parser at the I/O boundary before calling this function.
src/api/proxy.ts:109:36: warning anti-slop(no-unknown-parameters): Parameter `reason` leaves input unparsed. Accept a named domain type; run the expected schema or parser at the I/O boundary before calling this function.
src/api/proxy.ts:142:38: warning anti-slop(no-unknown-parameters): Parameter `error` leaves input unparsed. Accept a named domain type; run the expected schema or parser at the I/O boundary before calling this function.
src/api/proxy.ts:175:7: warning anti-slop(no-conditional-empty-object-spread): This conditional spread hides property omission behind an empty object. Build the object in separate statements and add the property only when present.
src/api/proxy.ts:238:41: warning anti-slop(no-unknown-parameters): Parameter `error` leaves input unparsed. Accept a named domain type; run the expected schema or parser at the I/O boundary before calling this function.
src/features/community/community-creation-route-view.tsx:44:33: warning anti-slop(no-unknown-parameters): Parameter `error` leaves input unparsed. Accept a named domain type; run the expected schema or parser at the I/O boundary before calling this function.
src/features/community/community-creation-route-view.tsx:45:7: warning anti-slop(no-runtime-typeof): A `typeof` check narrows a representation without establishing its contract. Parse input at its I/O boundary, then branch on the domain value.
src/features/community/community-creation-route-view.tsx:46:10: warning anti-slop(no-runtime-typeof): A `typeof` check narrows a representation without establishing its contract. Parse input at its I/O boundary, then branch on the domain value.
src/features/community/community-creation-route-view.tsx:49:27: warning anti-slop(no-unknown-parameters): Parameter `error` leaves input unparsed. Accept a named domain type; run the expected schema or parser at the I/O boundary before calling this function.
src/features/community/community-creation-route-view.tsx:57:10: warning anti-slop(no-runtime-typeof): A `typeof` check narrows a representation without establishing its contract. Parse input at its I/O boundary, then branch on the domain value.
src/features/community/community-creation-route-view.tsx:79:9: warning anti-slop(no-runtime-typeof): A `typeof` check narrows a representation without establishing its contract. Parse input at its I/O boundary, then branch on the domain value.
src/features/community/community-creation-route-view.tsx:129:11: warning anti-slop(no-runtime-typeof): A `typeof` check narrows a representation without establishing its contract. Parse input at its I/O boundary, then branch on the domain value.
src/features/community/community-creation-route-view.tsx:137:7: warning anti-slop(no-runtime-typeof): A `typeof` check narrows a representation without establishing its contract. Parse input at its I/O boundary, then branch on the domain value.
src/features/communities/community-page/community-thread-feed-api.ts:27:19: warning anti-slop(no-runtime-typeof): A `typeof` check narrows a representation without establishing its contract. Parse input at its I/O boundary, then branch on the domain value.
src/features/communities/community-page/community-thread-feed-api.ts:28:10: warning anti-slop(no-runtime-typeof): A `typeof` check narrows a representation without establishing its contract. Parse input at its I/O boundary, then branch on the domain value.
src/features/communities/community-page/community-thread-feed-api.ts:37:19: warning anti-slop(no-runtime-typeof): A `typeof` check narrows a representation without establishing its contract. Parse input at its I/O boundary, then branch on the domain value.
src/features/communities/community-page/community-thread-feed-api.ts:54:5: warning anti-slop(no-conditional-empty-object-spread): This conditional spread hides property omission behind an empty object. Build the object in separate statements and add the property only when present.
src/features/communities/community-page/community-thread-feed-api.ts:90:7: warning anti-slop(no-conditional-empty-object-spread): This conditional spread hides property omission behind an empty object. Build the object in separate statements and add the property only when present.
src/api/privy-session.ts:93:29: warning anti-slop(no-runtime-typeof): A `typeof` check narrows a representation without establishing its contract. Parse input at its I/O boundary, then branch on the domain value.
src/api/privy-session.ts:96:12: warning anti-slop(no-runtime-typeof): A `typeof` check narrows a representation without establishing its contract. Parse input at its I/O boundary, then branch on the domain value.
src/api/privy-session.ts:105:7: warning anti-slop(no-runtime-typeof): A `typeof` check narrows a representation without establishing its contract. Parse input at its I/O boundary, then branch on the domain value.
src/api/privy-session.ts:136:34: warning anti-slop(no-runtime-typeof): A `typeof` check narrows a representation without establishing its contract. Parse input at its I/O boundary, then branch on the domain value.
src/api/privy-session.ts:225:43: warning anti-slop(no-unknown-parameters): Parameter `error` leaves input unparsed. Accept a named domain type; run the expected schema or parser at the I/O boundary before calling this function.
src/api/privy-session.ts:226:25: warning anti-slop(no-runtime-typeof): A `typeof` check narrows a representation without establishing its contract. Parse input at its I/O boundary, then branch on the domain value.
src/api/privy-session.ts:229:10: warning anti-slop(no-runtime-typeof): A `typeof` check narrows a representation without establishing its contract. Parse input at its I/O boundary, then branch on the domain value.
src/api/privy-session.ts:236:18: warning anti-slop(no-unknown-parameters): Parameter `value` leaves input unparsed. Accept a named domain type; run the expected schema or parser at the I/O boundary before calling this function.
src/api/privy-session.ts:247:40: warning anti-slop(no-unknown-parameters): Parameter `candidate` leaves input unparsed. Accept a named domain type; run the expected schema or parser at the I/O boundary before calling this function.
src/api/privy-session.ts:262:7: warning anti-slop(no-runtime-typeof): A `typeof` check narrows a representation without establishing its contract. Parse input at its I/O boundary, then branch on the domain value.
src/api/privy-session.ts:268:7: warning anti-slop(no-runtime-typeof): A `typeof` check narrows a representation without establishing its contract. Parse input at its I/O boundary, then branch on the domain value.
src/api/privy-session.ts:275:29: warning anti-slop(no-unknown-parameters): Parameter `value` leaves input unparsed. Accept a named domain type; run the expected schema or parser at the I/O boundary before calling this function.
src/api/privy-session.ts:276:7: warning anti-slop(no-runtime-typeof): A `typeof` check narrows a representation without establishing its contract. Parse input at its I/O boundary, then branch on the domain value.
src/api/privy-session.ts:280:25: warning anti-slop(no-unknown-parameters): Parameter `value` leaves input unparsed. Accept a named domain type; run the expected schema or parser at the I/O boundary before calling this function.
src/api/privy-session.ts:287:31: warning anti-slop(no-unknown-parameters): Parameter `value` leaves input unparsed. Accept a named domain type; run the expected schema or parser at the I/O boundary before calling this function.
src/api/privy-session.ts:300:42: warning anti-slop(no-unknown-parameters): Parameter `value` leaves input unparsed. Accept a named domain type; run the expected schema or parser at the I/O boundary before calling this function.
src/api/privy-session.ts:309:33: warning anti-slop(no-unknown-parameters): Parameter `value` leaves input unparsed. Accept a named domain type; run the expected schema or parser at the I/O boundary before calling this function.
src/api/privy-session.ts:345:64: warning anti-slop(no-unknown-parameters): Parameter `error` leaves input unparsed. Accept a named domain type; run the expected schema or parser at the I/O boundary before calling this function.
src/api/privy-session.ts:349:57: warning anti-slop(no-runtime-typeof): A `typeof` check narrows a representation without establishing its contract. Parse input at its I/O boundary, then branch on the domain value.
src/api/privy-session.ts:351:7: warning anti-slop(no-runtime-typeof): A `typeof` check narrows a representation without establishing its contract. Parse input at its I/O boundary, then branch on the domain value.
src/api/privy-session.ts:354:7: warning anti-slop(no-runtime-typeof): A `typeof` check narrows a representation without establishing its contract. Parse input at its I/O boundary, then branch on the domain value.
src/api/privy-session.ts:378:48: warning anti-slop(no-unknown-parameters): Parameter `error` leaves input unparsed. Accept a named domain type; run the expected schema or parser at the I/O boundary before calling this function.
src/api/privy-session.ts:379:72: warning anti-slop(no-unknown-parameters): Parameter `error` leaves input unparsed. Accept a named domain type; run the expected schema or parser at the I/O boundary before calling this function.
src/api/privy-session.ts:467:43: warning anti-slop(no-unknown-parameters): Parameter `error` leaves input unparsed. Accept a named domain type; run the expected schema or parser at the I/O boundary before calling this function.
src/api/privy-session.ts:481:67: warning anti-slop(no-unknown-parameters): Parameter `error` leaves input unparsed. Accept a named domain type; run the expected schema or parser at the I/O boundary before calling this function.
src/features/community/join-request-modal/community-join-request-modal.tsx:50:9: warning anti-slop(no-runtime-typeof): A `typeof` check narrows a representation without establishing its contract. Parse input at its I/O boundary, then branch on the domain value.
src/features/community/join-request-modal/community-join-request-modal.tsx:69:9: warning anti-slop(no-runtime-typeof): A `typeof` check narrows a representation without establishing its contract. Parse input at its I/O boundary, then branch on the domain value.

exit=0
